Cell Line,Depmap Id,Primary Disease,Disease Subtype,Lineage,Lineage Subtype,Chr,Start Position,End Position,Variant Classification,Variant Annotation,Variant Type,Reference Allele,Tumor Seq Allele,dbSNP ID,Annotation Transcript,Protein Change,CGA WES alt:ref,CCLE WGS alt:ref,CCLE RNAseq alt:ref,Sanger WES alt:ref,CCLE HC1650 alt:ref,CCLE Raindance alt:ref,ExAC Allelic Fraction,TCGA Hotspot count,Cosmic Hs Cnt
NCIH1581,ACH-000015,Lung Cancer,"Non-Small Cell Lung Cancer (NSCLC), Large Cell Carcinoma",lung,NSCLC,1,27105886,27105886,Missense_Mutation,other non-conserving,SNP,C,,rs372213935,ENST00000457599.2,p.R1616C,17:36,NA,168:267,,44:50,NA,,NA,0
PANC0203,ACH-000042,Pancreatic Cancer,"Ductal Adenocarcinoma, exocrine",pancreas,exocrine,1,27058007,27058007,Missense_Mutation,other non-conserving,SNP,C,,NA,ENST00000457599.2,p.T572M,114:78,NA,166:127,,70:43,NA,8.236e-06,NA,0
PANC0203,ACH-000042,Pancreatic Cancer,"Ductal Adenocarcinoma, exocrine",pancreas,exocrine,1,27107105,27107105,Missense_Mutation,other non-conserving,SNP,T,,NA,ENST00000457599.2,p.L2022P,48:27,NA,116:83,,119:61,NA,,NA,1
MDAMB134VI,ACH-000044,Breast Cancer,Breast Ductal Carcinoma,breast,breast_ductal_carcinoma,1,27099397,27099397,Nonsense_Mutation,damaging,SNP,C,,NA,ENST00000324856.7,p.Q1212*,NA,7:16,21:65,,34:97,NA,,0,4
MEG01,ACH-000072,Leukemia,Chronic Myelogenous Leukemia (CML),blood,CML,1,27100181,27100182,In_Frame_Ins,other non-conserving,INS,-,,rs570962335|rs370696498|rs374564889,ENST00000457599.2,p.1333_1334insQQ,24:38,NA,NA,,NA,NA,,NA,2
MHHNB11,ACH-000078,Neuroblastoma,,peripheral_nervous_system,neuroblastoma,1,27100390,27100390,Splice_Site,damaging,SNP,G,,NA,ENST00000324856.7,NA,NA,NA,72:1,,42:114,NA,,0,0
BDCM,ACH-000080,Leukemia,"Acute Myelogenous Leukemia (AML), M5 (Eosinophilic/Monocytic)",blood,AML,1,27059203,27059203,Missense_Mutation,other non-conserving,SNP,T,,NA,ENST00000457599.2,p.S614A,63:63,NA,134:177,,48:53,NA,4.118e-05,NA,0
OV56,ACH-000091,Ovarian Cancer,"Adenocarcinoma, serous",ovary,ovary_adenocarcinoma,1,27106916,27106917,Frame_Shift_Ins,damaging,INS,-,,NA,ENST00000457599.2,p.QG1959fs,93:0,21:0,92:1,,50:7,NA,,NA,0
KP3,ACH-000108,Pancreatic Cancer,"Ductal Adenosquamous Carcinoma, exocrine",pancreas,exocrine,1,27106803,27106804,Frame_Shift_Ins,damaging,INS,-,,NA,ENST00000457599.2,p.P1922fs,152:3,NA,84:2,,82:19,NA,,NA,1
SUPT11,ACH-000122,Leukemia,"Acute Lymphoblastic Leukemia (ALL), T-cell",blood,ALL,1,27023709,27023709,Missense_Mutation,other non-conserving,SNP,G,,NA,ENST00000457599.2,p.G272V,21:25,NA,NA,,5:6,NA,,NA,0
COV434,ACH-000123,Ovarian Cancer,"Adenocarcinoma, endometrioid",ovary,ovary_adenocarcinoma,1,27099885,27099885,Missense_Mutation,other non-conserving,SNP,G,,NA,ENST00000457599.2,p.G1255E,34:36,NA,188:205,,11:9,NA,,NA,0
OCILY19,ACH-000124,Lymphoma,Diffuse Large B-cell Lymphoma (DLBCL),lymphocyte,non_hodgkin_lymphoma,1,27089496,27089496,Frame_Shift_Del,damaging,DEL,T,,NA,ENST00000457599.2,p.L818fs,20:14,NA,58:187,,9:7,NA,,NA,0
T47D,ACH-000147,Breast Cancer,Breast Ductal Carcinoma,breast,breast_ductal_carcinoma,1,27092809,27092809,Nonsense_Mutation,damaging,SNP,C,,NA,ENST00000457599.2,p.Q944*,49:0,33:0,47:1,,79:1,NA,,5,3
SW1990,ACH-000155,Pancreatic Cancer,"Ductal Adenocarcinoma, exocrine",pancreas,exocrine,1,27106491,27106491,Silent,silent,SNP,G,,NA,ENST00000324856.7,p.E2034E,NA,NA,NA,,5:29,NA,,0,0
A4FUK,ACH-000157,Lymphoma,Diffuse Large B-cell Lymphoma (DLBCL),lymphocyte,non_hodgkin_lymphoma,1,27023114,27023114,Nonsense_Mutation,damaging,SNP,C,,NA,ENST00000324856.7,p.Q74*,NA,NA,29:23,,NA,NA,,0,0
GA10,ACH-000162,Lymphoma,"B-cell, Non-Hodgkins, Burkitts",lymphocyte,non_hodgkin_lymphoma,1,27024002,27024002,Frame_Shift_Del,damaging,DEL,G,,NA,ENST00000324856.7,p.G371fs,NA,NA,16:58,,NA,NA,,0,2
JHUEM3,ACH-000173,Endometrial/Uterine Cancer,Endometrial Adenocarcinoma,uterus,endometrial_adenocarcinoma,1,27094361,27094362,Frame_Shift_Ins,damaging,INS,-,,NA,ENST00000457599.2,p.V1024fs,38:53,NA,21:55,,168:297,NA,,NA,0
HS766T,ACH-000178,Pancreatic Cancer,"Ductal Adenocarcinoma, exocrine",pancreas,exocrine,1,27057904,27057904,Nonsense_Mutation,damaging,SNP,C,,NA,ENST00000457599.2,p.Q538*,194:97,NA,49:19,,284:146,NA,,NA,0
L363,ACH-000183,Myeloma,Multiple Myeloma,plasma_cell,multiple_myeloma,1,27057949,27057949,Missense_Mutation,other non-conserving,SNP,C,,NA,ENST00000457599.2,p.Q553E,85:81,NA,376:360,,68:50,NA,,NA,1
EOL1,ACH-000198,Leukemia,"Acute Myelogenous Leukemia (AML), M5 (Eosinophilic/Monocytic)",blood,AML,1,27106621,27106621,Missense_Mutation,other non-conserving,SNP,G,,NA,ENST00000324856.7,p.E2078K,NA,NA,NA,,NA,NA,,0,0
PK59,ACH-000205,Pancreatic Cancer,"Ductal Adenocarcinoma, exocrine",pancreas,exocrine,1,27092849,27092849,Missense_Mutation,other non-conserving,SNP,A,,NA,ENST00000457599.2,p.N957S,49:3,NA,119:4,,154:10,NA,1.647e-05,NA,0
SNU1079,ACH-000209,Bile Duct Cancer,"Cholangiocarcinoma, intrahepatic",bile_duct,cholangiocarcinoma,1,27106475,27106475,Frame_Shift_Del,damaging,DEL,T,,NA,ENST00000457599.2,p.L1812fs,6:38,NA,NA,,14:67,NA,,NA,0
DEL,ACH-000233,Lymphoma,"T-cell, Non-Hodgkins, Anaplastic Large Cell (ALCL)",lymphocyte,non_hodgkin_lymphoma,1,27023419,27023419,Silent,silent,SNP,A,,NA,ENST00000324856.7,p.G175G,NA,NA,5:5,,NA,NA,,0,0
BL41,ACH-000245,Lymphoma,"B-cell, Non-Hodgkins, Burkitts",lymphocyte,non_hodgkin_lymphoma,1,27101662,27101663,Frame_Shift_Ins,damaging,INS,-,,NA,ENST00000457599.2,p.T1432fs,34:32,NA,102:136,,38:58,NA,,NA,0
OCUM1,ACH-000247,Gastric Cancer,Adenocarcinoma,gastric,gastric_adenocarcinoma,1,27097801,27097801,Frame_Shift_Del,damaging,DEL,C,,NA,ENST00000457599.2,p.I1130fs,323:0,44:4,89:1,,62:3,NA,,NA,0
SCC15,ACH-000254,Head and Neck Cancer,Squamous Cell Carcinoma,upper_aerodigestive,upper_aerodigestive_squamous,1,27106043,27106043,Missense_Mutation,other non-conserving,SNP,C,,NA,ENST00000457599.2,p.A1668V,18:33,NA,NA,,NA,NA,,NA,0
HPAC,ACH-000270,Pancreatic Cancer,"Ductal Adenocarcinoma, exocrine",pancreas,exocrine,1,27101611,27101612,Frame_Shift_Ins,damaging,INS,-,,rs372335126,ENST00000457599.2,p.P1415fs,95:58,21:25,66:35,,129:95,NA,,NA,1
SF539,ACH-000273,Brain Cancer,Glioma,central_nervous_system,glioma,1,27023634,27023634,Missense_Mutation,other non-conserving,SNP,C,,NA,ENST00000324856.7,p.A247V,NA,NA,5:18,,NA,NA,1.951e-05,0,1
NCIH841,ACH-000292,Lung Cancer,Small Cell Lung Cancer (SCLC),lung,SCLC,1,27105723,27105723,Silent,silent,SNP,A,,rs375160070,ENST00000457599.2,p.E1561E,20:64,NA,NA,,NA,NA,6.589e-05,NA,1
SKLU1,ACH-000309,Lung Cancer,"Non-Small Cell Lung Cancer (NSCLC), Adenocarcinoma",lung,NSCLC,1,27099874,27099874,Frame_Shift_Del,damaging,DEL,C,,NA,ENST00000457599.2,p.G1251fs,45:0,24:1,NA,,22:4,NA,,NA,0
KARPAS422,ACH-000315,Lymphoma,Diffuse Large B-cell Lymphoma (DLBCL),lymphocyte,non_hodgkin_lymphoma,1,27106916,27106917,Frame_Shift_Del,damaging,DEL,AG,,NA,ENST00000457599.2,p.Q1959fs,85:0,NA,252:3,,211:3,NA,,NA,0
CCFSTTG1,ACH-000329,Brain Cancer,Astrocytoma,central_nervous_system,glioma,1,27022964,27022964,Silent,silent,SNP,C,,NA,ENST00000324856.7,p.L24L,NA,NA,12:10,,NA,NA,,0,0
CCFSTTG1,ACH-000329,Brain Cancer,Astrocytoma,central_nervous_system,glioma,1,27099014,27099014,Missense_Mutation,other non-conserving,SNP,C,,NA,ENST00000457599.2,p.P1144T,39:39,NA,101:74,,2:4,NA,,NA,0
MOLM16,ACH-000369,Leukemia,Acute Myelogenous Leukemia (AML),blood,AML,1,27094373,27094373,Silent,silent,SNP,T,,rs200853803,ENST00000457599.2,p.Y1027Y,89:80,NA,218:182,,213:190,NA,1.647e-05,NA,0
KG1,ACH-000386,Leukemia,Acute Myelogenous Leukemia (AML),blood,AML,1,27023029,27023029,Silent,silent,SNP,C,,NA,ENST00000324856.7,p.A45A,NA,NA,9:13,,NA,NA,,0,1
RI1,ACH-000398,Lymphoma,"B-cell, Non-Hodgkins",lymphocyte,non_hodgkin_lymphoma,1,27057712,27057712,Nonsense_Mutation,damaging,SNP,C,,NA,ENST00000457599.2,p.Q474*,162:139,NA,370:465,,156:195,NA,,NA,0
NCIH838,ACH-000416,Lung Cancer,"Non-Small Cell Lung Cancer (NSCLC), Adenocarcinoma",lung,NSCLC,1,27106010,27106017,Frame_Shift_Del,damaging,DEL,GCCCACCA,,rs138605055,ENST00000457599.2,p.CPP1657fs,46:27,27:26,70:77,,230:214,NA,,NA,0
KMS28BM,ACH-000419,Myeloma,Multiple Myeloma,plasma_cell,multiple_myeloma,1,27100914,27100914,Missense_Mutation,other non-conserving,SNP,A,,rs1064004,ENST00000324856.7,p.Q1399P,NA,NA,205:32,,13:0,NA,1.647e-05,0,0
SNU449,ACH-000420,Liver Cancer,Hepatocellular Carcinoma,liver,hepatocellular_carcinoma,1,27100181,27100182,In_Frame_Ins,other non-conserving,INS,-,,rs570962335|rs370696498|rs374564889,ENST00000457599.2,p.1334_1335insQ,17:0,NA,NA,,NA,NA,,NA,2
SNU449,ACH-000420,Liver Cancer,Hepatocellular Carcinoma,liver,hepatocellular_carcinoma,1,27107135,27107136,Frame_Shift_Ins,damaging,INS,-,,NA,ENST00000457599.2,p.E2033fs,35:0,26:1,147:1,,211:10,NA,,NA,NA
TYKNU,ACH-000430,Ovarian Cancer,"Adenocarcinoma, high grade serous",ovary,ovary_adenocarcinoma,1,27023164,27023174,Frame_Shift_Del,damaging,DEL,CGGCGGCGGGC,,NA,ENST00000324856.7,p.GGGP91fs,NA,NA,27:0,,NA,NA,,0,1
EFE184,ACH-000435,Endometrial/Uterine Cancer,Endometrial Adenocarcinoma,uterus,endometrial_adenocarcinoma,1,27057947,27057947,Frame_Shift_Del,damaging,DEL,C,,NA,ENST00000457599.2,p.S552fs,164:4,NA,21:1,,NA,NA,,NA,0
SW1088,ACH-000437,Brain Cancer,Astrocytoma,central_nervous_system,glioma,1,27059284,27059287,Splice_Site,damaging,DEL,GTGA,,NA,ENST00000457599.2,NA,63:66,NA,NA,,62:64,NA,,NA,0
MESSA,ACH-000449,Sarcoma,Uterine Sarcoma,soft_tissue,uterine_sarcoma,1,27101543,27101544,Frame_Shift_Ins,damaging,INS,-,,NA,ENST00000457599.2,p.S1392fs,51:69,NA,42:124,,150:173,NA,,NA,0
MESSA,ACH-000449,Sarcoma,Uterine Sarcoma,soft_tissue,uterine_sarcoma,1,27102141,27102142,Frame_Shift_Ins,damaging,INS,-,,NA,ENST00000457599.2,p.T1473fs,21:17,NA,96:53,,131:156,NA,,NA,0
NCIH460,ACH-000463,Lung Cancer,"Non-Small Cell Lung Cancer (NSCLC), Large Cell Carcinoma",lung,NSCLC,1,27106789,27106794,In_Frame_Del,other non-conserving,DEL,CTGATT,,NA,ENST00000457599.2,p.LI1917del,41:0,17:7,64:0,,137:17,NA,,NA,1
SKMEL1,ACH-000465,Skin Cancer,Melanoma,skin,melanoma,1,27105771,27105771,Missense_Mutation,other non-conserving,SNP,C,,NA,ENST00000457599.2,p.D1577E,10:43,NA,NA,,NA,NA,,NA,0
SNU216,ACH-000466,Gastric Cancer,"Adenocarcinoma, tubular",gastric,gastric_adenocarcinoma,1,27101090,27101090,Nonsense_Mutation,damaging,SNP,C,,NA,ENST00000324856.7,p.Q1458*,NA,NA,230:2,,52:2,NA,,0,0
KU1919,ACH-000486,Bladder Cancer,Transitional Cell Carcinoma,urinary_tract,bladder_carcinoma,1,27094448,27094448,Nonsense_Mutation,damaging,SNP,T,,NA,ENST00000457599.2,p.Y1052*,34:77,13:31,19:63,,72:138,NA,,NA,0
SNU423,ACH-000493,Liver Cancer,Hepatocellular Carcinoma,liver,hepatocellular_carcinoma,1,27059230,27059230,Nonsense_Mutation,damaging,SNP,G,,rs267598525,ENST00000457599.2,p.G623*,122:0,38:0,51:3,,107:0,NA,,NA,0
OVISE,ACH-000527,Ovarian Cancer,"Adenocarcinoma, clear cell",ovary,ovary_adenocarcinoma,1,27023501,27023502,Frame_Shift_Ins,damaging,INS,-,,NA,ENST00000457599.2,p.H203fs,65:27,NA,6:5,,5:1,NA,,NA,1
OVISE,ACH-000527,Ovarian Cancer,"Adenocarcinoma, clear cell",ovary,ovary_adenocarcinoma,1,27057917,27057917,Frame_Shift_Del,damaging,DEL,A,,NA,ENST00000324856.7,p.Q543fs,NA,NA,51:147,,NA,NA,,0,0
OVISE,ACH-000527,Ovarian Cancer,"Adenocarcinoma, clear cell",ovary,ovary_adenocarcinoma,1,27057919,27057919,Frame_Shift_Del,damaging,DEL,C,,NA,ENST00000324856.7,p.Q543fs,NA,NA,51:144,,NA,NA,,0,3
SNU761,ACH-000537,Liver Cancer,Hepatocellular Carcinoma,liver,hepatocellular_carcinoma,1,27099311,27099311,Missense_Mutation,other non-conserving,SNP,A,,NA,ENST00000457599.2,p.N1183S,22:20,NA,41:54,,19:22,NA,,NA,0
OE21,ACH-000544,Esophageal Cancer,Squamous Cell Carcinoma,esophagus,esophagus_squamous,1,27059276,27059276,Missense_Mutation,other non-conserving,SNP,G,,NA,ENST00000324856.7,p.S638I,NA,NA,NA,,NA,NA,,0,0
VMCUB1,ACH-000545,Bladder Cancer,Transitional Cell Carcinoma,urinary_tract,bladder_carcinoma,1,27057947,27057947,Nonsense_Mutation,damaging,SNP,C,,NA,ENST00000457599.2,p.S552*,118:152,17:17,NA,,52:65,NA,,NA,0
HT1197,ACH-000547,Bladder Cancer,Carcinoma,urinary_tract,bladder_carcinoma,1,27107156,27107156,Nonsense_Mutation,damaging,SNP,C,,NA,ENST00000457599.2,p.S2039*,78:68,NA,158:129,,360:329,NA,,NA,0
HT1197,ACH-000547,Bladder Cancer,Carcinoma,urinary_tract,bladder_carcinoma,1,27107180,27107180,Missense_Mutation,other non-conserving,SNP,C,,NA,ENST00000457599.2,p.S2047L,80:68,NA,150:133,,346:299,NA,,NA,2
ST486,ACH-000567,Lymphoma,"B-cell, Non-Hodgkins, Burkitts",lymphocyte,non_hodgkin_lymphoma,1,27024002,27024002,Frame_Shift_Del,damaging,DEL,G,,NA,ENST00000324856.7,p.G371fs,NA,NA,5:10,,NA,NA,,0,2
UACC812,ACH-000568,Breast Cancer,Breast Ductal Carcinoma,breast,breast_ductal_carcinoma,1,27023382,27023382,Missense_Mutation,other non-conserving,SNP,C,,NA,ENST00000324856.7,p.A163V,NA,24:0,28:0,,NA,NA,,0,1
KMS27,ACH-000576,Myeloma,Multiple Myeloma,plasma_cell,multiple_myeloma,1,27088791,27088791,Silent,silent,SNP,G,,NA,ENST00000457599.2,p.G800G,32:37,NA,54:44,,38:35,NA,8.236e-06,NA,0
HCC1171,ACH-000578,Lung Cancer,"Non-Small Cell Lung Cancer (NSCLC), Adenocarcinoma",lung,NSCLC,1,27023308,27023308,Silent,silent,SNP,A,,NA,ENST00000324856.7,p.S138S,NA,NA,26:31,,NA,NA,,0,0
MIAPACA2,ACH-000601,Pancreatic Cancer,"Ductal Adenocarcinoma, exocrine",pancreas,exocrine,1,27023855,27023855,Nonsense_Mutation,damaging,SNP,C,,NA,ENST00000324856.7,p.Q321*,NA,16:0,NA,,NA,NA,,0,0
MIAPACA2,ACH-000601,Pancreatic Cancer,"Ductal Adenocarcinoma, exocrine",pancreas,exocrine,1,27106208,27106208,Missense_Mutation,other non-conserving,SNP,C,,NA,ENST00000457599.2,p.P1723L,29:68,9:15,52:82,,53:80,NA,8.236e-06,NA,0
SF126,ACH-000609,Brain Cancer,Astrocytoma,central_nervous_system,glioma,1,27023669,27023669,Missense_Mutation,other non-conserving,SNP,G,,NA,ENST00000324856.7,p.A259P,NA,NA,41:0,,NA,NA,,0,0
SUDHL6,ACH-000611,Lymphoma,Diffuse Large B-cell Lymphoma (DLBCL),lymphocyte,non_hodgkin_lymphoma,1,27023492,27023492,Nonsense_Mutation,damaging,SNP,C,,NA,ENST00000324856.7,p.Q200*,NA,NA,19:31,,NA,NA,,0,1
RVH421,ACH-000614,Skin Cancer,Melanoma,skin,melanoma,1,27059176,27059176,Nonsense_Mutation,damaging,SNP,C,,NA,ENST00000457599.2,p.Q605*,72:47,12:10,37:62,,59:31,NA,,NA,0
SKMEL28,ACH-000615,Skin Cancer,Melanoma,skin,melanoma,1,27101085,27101085,Missense_Mutation,other non-conserving,SNP,C,,NA,ENST00000324856.7,p.P1456L,NA,NA,70:41,,130:72,NA,,0,0
HS746T,ACH-000616,Gastric Cancer,Adenocarcinoma,gastric,gastric_adenocarcinoma,1,27056334,27056334,Missense_Mutation,other non-conserving,SNP,G,,rs541301347,ENST00000457599.2,p.G444S,10:8,25:7,75:46,,17:7,NA,4.119e-05,NA,0
OVMANA,ACH-000646,Ovarian Cancer,"Adenocarcinoma, clear cell",ovary,ovary_adenocarcinoma,1,27100198,27100198,Nonsense_Mutation,damaging,SNP,C,,NA,ENST00000457599.2,p.Q1332*,72:66,NA,10:16,,20:30,NA,,NA,1
OVMANA,ACH-000646,Ovarian Cancer,"Adenocarcinoma, clear cell",ovary,ovary_adenocarcinoma,1,27107180,27107180,Nonsense_Mutation,damaging,SNP,C,,NA,ENST00000457599.2,p.S2047*,70:80,NA,41:39,,72:87,NA,,NA,2
IGR37,ACH-000650,Skin Cancer,Melanoma,skin,melanoma,1,27058044,27058044,Silent,silent,SNP,T,,NA,ENST00000457599.2,p.S584S,28:82,NA,135:153,,42:56,NA,,NA,0
SUIT2,ACH-000652,Pancreatic Cancer,"Ductal Adenocarcinoma, exocrine",pancreas,exocrine,1,27057928,27057928,Nonsense_Mutation,damaging,SNP,C,,NA,ENST00000457599.2,p.Q546*,27:21,7:6,NA,,64:73,NA,,NA,0
A2780,ACH-000657,Ovarian Cancer,"Adenocarcinoma, endometrioid",ovary,ovary_adenocarcinoma,1,27101006,27101006,Nonsense_Mutation,damaging,SNP,C,,NA,ENST00000324856.7,p.Q1430*,NA,14:17,81:222,,123:145,NA,,0,0
A2780,ACH-000657,Ovarian Cancer,"Adenocarcinoma, endometrioid",ovary,ovary_adenocarcinoma,1,27105551,27105551,Frame_Shift_Del,damaging,DEL,G,,NA,ENST00000457599.2,p.R1505fs,144:191,17:37,169:121,,90:120,NA,,NA,0
SUDHL5,ACH-000660,Lymphoma,Diffuse Large B-cell Lymphoma (DLBCL),lymphocyte,non_hodgkin_lymphoma,1,27023425,27023425,Missense_Mutation,other non-conserving,SNP,A,,NA,ENST00000324856.7,p.Q177H,NA,NA,NA,,2:2,NA,,0,0
SUDHL5,ACH-000660,Lymphoma,Diffuse Large B-cell Lymphoma (DLBCL),lymphocyte,non_hodgkin_lymphoma,1,27023747,27023747,Nonsense_Mutation,damaging,SNP,G,,NA,ENST00000324856.7,p.G285*,NA,NA,21:11,,3:3,NA,,0,0
CORL23,ACH-000662,Lung Cancer,"Non-Small Cell Lung Cancer (NSCLC), Large Cell Carcinoma",lung,NSCLC,1,27105609,27105609,Silent,silent,SNP,A,,NA,ENST00000324856.7,p.G1740G,NA,8:21,35:107,,57:185,NA,,0,1
OVTOKO,ACH-000663,Ovarian Cancer,"Adenocarcinoma, clear cell",ovary,ovary_adenocarcinoma,1,27107013,27107013,Frame_Shift_Del,damaging,DEL,C,,NA,ENST00000457599.2,p.F1991fs,23:37,NA,15:29,,38:93,NA,,NA,0
SW948,ACH-000680,Colon/Colorectal Cancer,Adenocarcinoma,colorectal,colorectal_adenocarcinoma,1,27087528,27087528,Missense_Mutation,other non-conserving,SNP,G,,NA,ENST00000457599.2,p.G701A,14:13,13:15,19:38,,10:17,NA,,NA,0
A3KAW,ACH-000697,Lymphoma,Diffuse Large B-cell Lymphoma (DLBCL),lymphocyte,non_hodgkin_lymphoma,1,27023186,27023186,Missense_Mutation,other non-conserving,SNP,C,,NA,ENST00000324856.7,p.P98S,NA,37:11,13:2,,NA,NA,,0,1
A3KAW,ACH-000697,Lymphoma,Diffuse Large B-cell Lymphoma (DLBCL),lymphocyte,non_hodgkin_lymphoma,1,27101691,27101691,Missense_Mutation,other non-conserving,SNP,G,,NA,ENST00000457599.2,p.R1441Q,50:39,41:17,253:108,,42:18,NA,,NA,0
OAW42,ACH-000704,Ovarian Cancer,Carcinoma,ovary,ovary_carcinoma,1,27057967,27057968,Frame_Shift_Del,damaging,DEL,CC,,NA,ENST00000457599.2,p.P559fs,71:48,15:8,55:36,,38:24,NA,,NA,0
OAW42,ACH-000704,Ovarian Cancer,Carcinoma,ovary,ovary_carcinoma,1,27097762,27097763,Frame_Shift_Ins,damaging,INS,-,,NA,ENST00000457599.2,p.F1118fs,15:46,8:19,20:43,,24:76,NA,,NA,0
JIMT1,ACH-000711,Breast Cancer,Breast Ductal Carcinoma,breast,breast_ductal_carcinoma,1,27058045,27058047,In_Frame_Del,other non-conserving,DEL,CAG,,NA,ENST00000457599.2,p.Q586del,154:9,NA,194:1,,66:4,NA,,NA,0
TCCSUP,ACH-000720,Bladder Cancer,Transitional Cell Carcinoma,urinary_tract,bladder_carcinoma,1,27101068,27101068,Frame_Shift_Del,damaging,DEL,C,,NA,ENST00000324856.7,p.G1450fs,NA,NA,28:95,,NA,NA,,0,3
YD10B,ACH-000723,Head and Neck Cancer,"Squamous Cell Carcinoma, tongue",upper_aerodigestive,upper_aerodigestive_squamous,1,27101425,27101425,Silent,silent,SNP,A,,NA,ENST00000324856.7,p.P1569P,NA,NA,51:26,,19:9,NA,,0,0
HT1376,ACH-000724,Bladder Cancer,Carcinoma,urinary_tract,bladder_carcinoma,1,27023451,27023464,Frame_Shift_Del,damaging,DEL,GCGGCGGCGGCGGG,,rs566544368,ENST00000324856.7,p.SGGGG186fs,NA,NA,14:0,,5:2,NA,,0,0
HT1376,ACH-000724,Bladder Cancer,Carcinoma,urinary_tract,bladder_carcinoma,1,27100109,27100109,Missense_Mutation,other non-conserving,SNP,C,,NA,ENST00000457599.2,p.T1302S,28:100,7:32,15:116,,13:50,NA,,NA,0
HCC2279,ACH-000731,Lung Cancer,"Non-Small Cell Lung Cancer (NSCLC), Adenocarcinoma",lung,NSCLC,1,27087516,27087516,Missense_Mutation,other non-conserving,SNP,C,,rs370916036,ENST00000324856.7,p.P697L,NA,NA,29:33,,32:36,NA,8.236e-06,0,0
PECAPJ49,ACH-000735,Head and Neck Cancer,"Squamous Cell Carcinoma, oral",upper_aerodigestive,upper_aerodigestive_squamous,1,27023054,27023054,Missense_Mutation,other non-conserving,SNP,G,,NA,ENST00000324856.7,p.A54S,NA,NA,4:5,,NA,NA,,0,0
PECAPJ49,ACH-000735,Head and Neck Cancer,"Squamous Cell Carcinoma, oral",upper_aerodigestive,upper_aerodigestive_squamous,1,27101088,27101088,Missense_Mutation,other non-conserving,SNP,T,,NA,ENST00000324856.7,p.F1457S,NA,NA,78:59,,55:36,NA,,0,0
LOXIMVI,ACH-000750,Skin Cancer,Melanoma,skin,melanoma,1,27099397,27099397,Nonsense_Mutation,damaging,SNP,C,,NA,ENST00000457599.2,p.Q1212*,38:10,29:11,50:66,,99:61,NA,,NA,2
NCIH196,ACH-000752,Lung Cancer,Small Cell Lung Cancer (SCLC),lung,SCLC,1,27023501,27023501,Missense_Mutation,other non-conserving,SNP,C,,NA,ENST00000324856.7,p.H203D,NA,18:19,NA,,NA,NA,,0,0
JMSU1,ACH-000753,Bladder Cancer,Carcinoma,urinary_tract,bladder_carcinoma,1,27089776,27089777,Splice_Site,damaging,INS,-,,NA,ENST00000457599.2,p.R911fs,25:0,NA,NA,,96:6,NA,,NA,0
MDAMB175VII,ACH-000759,Breast Cancer,Breast Ductal Carcinoma,breast,breast_ductal_carcinoma,1,27101214,27101215,Frame_Shift_Ins,damaging,INS,-,,NA,ENST00000324856.7,p.QG1499fs,NA,NA,58:0,,145:19,NA,,0,0
NCIH1648,ACH-000766,Lung Cancer,"Non-Small Cell Lung Cancer (NSCLC), Adenocarcinoma",lung,NSCLC,1,27105942,27105942,Silent,silent,SNP,C,,NA,ENST00000457599.2,p.T1634T,24:0,NA,131:2,,128:1,NA,,NA,0
P31FUJ,ACH-000770,Leukemia,"Acute Myelogenous Leukemia (AML), M5 (Eosinophilic/Monocytic)",blood,AML,1,27101259,27101259,Frame_Shift_Del,damaging,DEL,C,,NA,ENST00000324856.7,p.T1514fs,NA,NA,56:105,,129:137,NA,,3,0
BICR56,ACH-000771,Head and Neck Cancer,"Squamous Cell Carcinoma, oral",upper_aerodigestive,upper_aerodigestive_squamous,1,27107035,27107035,Missense_Mutation,other non-conserving,SNP,C,,NA,ENST00000457599.2,p.L1999F,34:36,NA,115:115,,44:34,NA,,NA,0
RERFLCAD2,ACH-000774,Lung Cancer,"Non-Small Cell Lung Cancer (NSCLC), Adenocarcinoma",lung,NSCLC,1,27089633,27089633,Missense_Mutation,other non-conserving,SNP,G,,NA,ENST00000457599.2,p.M863I,94:138,NA,24:55,,9:13,NA,,NA,0
KYSE70,ACH-000784,Esophageal Cancer,Squamous Cell Carcinoma,esophagus,esophagus_squamous,1,27106354,27106354,Nonsense_Mutation,damaging,SNP,C,,NA,ENST00000457599.2,p.R1772*,95:0,32:0,146:2,,108:1,NA,,36,8
DAUDI,ACH-000786,Lymphoma,"B-cell, Non-Hodgkins, Burkitts",lymphocyte,non_hodgkin_lymphoma,1,27023632,27023632,Silent,silent,SNP,T,,NA,ENST00000457599.2,p.A246A,5:8,NA,NA,,NA,NA,,NA,1
DAUDI,ACH-000786,Lymphoma,"B-cell, Non-Hodgkins, Burkitts",lymphocyte,non_hodgkin_lymphoma,1,27059256,27059256,Silent,silent,SNP,C,,NA,ENST00000457599.2,p.S631S,38:198,NA,NA,,NA,NA,,NA,0
DAUDI,ACH-000786,Lymphoma,"B-cell, Non-Hodgkins, Burkitts",lymphocyte,non_hodgkin_lymphoma,1,27059268,27059268,Silent,silent,SNP,A,,NA,ENST00000457599.2,p.R635R,30:192,NA,NA,,NA,NA,,NA,0
DAUDI,ACH-000786,Lymphoma,"B-cell, Non-Hodgkins, Burkitts",lymphocyte,non_hodgkin_lymphoma,1,27087406,27087406,Silent,silent,SNP,A,,NA,ENST00000457599.2,p.G660G,75:169,NA,NA,,NA,NA,,NA,0
DAUDI,ACH-000786,Lymphoma,"B-cell, Non-Hodgkins, Burkitts",lymphocyte,non_hodgkin_lymphoma,1,27087448,27087448,Silent,silent,SNP,T,,NA,ENST00000457599.2,p.S674S,39:161,NA,NA,,NA,NA,,NA,0
DAUDI,ACH-000786,Lymphoma,"B-cell, Non-Hodgkins, Burkitts",lymphocyte,non_hodgkin_lymphoma,1,27087927,27087927,Silent,silent,SNP,T,,NA,ENST00000457599.2,p.H738H,39:102,NA,NA,,NA,NA,,NA,0
DAUDI,ACH-000786,Lymphoma,"B-cell, Non-Hodgkins, Burkitts",lymphocyte,non_hodgkin_lymphoma,1,27092766,27092766,Silent,silent,SNP,T,,NA,ENST00000457599.2,p.P929P,17:116,NA,NA,,NA,NA,,NA,0
DAUDI,ACH-000786,Lymphoma,"B-cell, Non-Hodgkins, Burkitts",lymphocyte,non_hodgkin_lymphoma,1,27094385,27094385,Silent,silent,SNP,T,,NA,ENST00000457599.2,p.T1031T,34:123,NA,NA,,NA,NA,,NA,0
DAUDI,ACH-000786,Lymphoma,"B-cell, Non-Hodgkins, Burkitts",lymphocyte,non_hodgkin_lymphoma,1,27094427,27094427,Silent,silent,SNP,T,,NA,ENST00000457599.2,p.G1045G,74:125,NA,NA,,NA,NA,,NA,0
DAUDI,ACH-000786,Lymphoma,"B-cell, Non-Hodgkins, Burkitts",lymphocyte,non_hodgkin_lymphoma,1,27094433,27094433,Silent,silent,SNP,A,,NA,ENST00000457599.2,p.K1047K,73:128,NA,NA,,NA,NA,,NA,0
DAUDI,ACH-000786,Lymphoma,"B-cell, Non-Hodgkins, Burkitts",lymphocyte,non_hodgkin_lymphoma,1,27099396,27099396,Silent,silent,SNP,T,,NA,ENST00000457599.2,p.Y1211Y,35:64,NA,NA,,NA,NA,,NA,1
DAUDI,ACH-000786,Lymphoma,"B-cell, Non-Hodgkins, Burkitts",lymphocyte,non_hodgkin_lymphoma,1,27105888,27105888,Silent,silent,SNP,T,,NA,ENST00000457599.2,p.R1616R,22:88,NA,NA,,NA,NA,,NA,0
DAUDI,ACH-000786,Lymphoma,"B-cell, Non-Hodgkins, Burkitts",lymphocyte,non_hodgkin_lymphoma,1,27105915,27105915,Silent,silent,SNP,G,,NA,ENST00000457599.2,p.L1625L,23:103,NA,NA,,NA,NA,,NA,0
DAUDI,ACH-000786,Lymphoma,"B-cell, Non-Hodgkins, Burkitts",lymphocyte,non_hodgkin_lymphoma,1,27105933,27105933,Silent,silent,SNP,G,,rs557275114,ENST00000457599.2,p.G1631G,12:104,NA,NA,,NA,NA,,NA,0
DAUDI,ACH-000786,Lymphoma,"B-cell, Non-Hodgkins, Burkitts",lymphocyte,non_hodgkin_lymphoma,1,27106380,27106380,Silent,silent,SNP,T,,NA,ENST00000457599.2,p.N1780N,20:124,NA,NA,,NA,NA,,NA,0
DAUDI,ACH-000786,Lymphoma,"B-cell, Non-Hodgkins, Burkitts",lymphocyte,non_hodgkin_lymphoma,1,27106416,27106416,Silent,silent,SNP,C,,NA,ENST00000457599.2,p.L1792L,59:86,NA,NA,,NA,NA,8.236e-06,NA,0
DAUDI,ACH-000786,Lymphoma,"B-cell, Non-Hodgkins, Burkitts",lymphocyte,non_hodgkin_lymphoma,1,27106458,27106458,Silent,silent,SNP,A,,NA,ENST00000457599.2,p.E1806E,79:87,NA,NA,,NA,NA,,NA,0
DAUDI,ACH-000786,Lymphoma,"B-cell, Non-Hodgkins, Burkitts",lymphocyte,non_hodgkin_lymphoma,1,27106485,27106485,Silent,silent,SNP,A,,NA,ENST00000457599.2,p.E1815E,73:107,NA,NA,,NA,NA,,NA,0
DAUDI,ACH-000786,Lymphoma,"B-cell, Non-Hodgkins, Burkitts",lymphocyte,non_hodgkin_lymphoma,1,27106518,27106518,Silent,silent,SNP,C,,NA,ENST00000457599.2,p.C1826C,42:107,NA,NA,,NA,NA,8.236e-06,NA,0
DAUDI,ACH-000786,Lymphoma,"B-cell, Non-Hodgkins, Burkitts",lymphocyte,non_hodgkin_lymphoma,1,27106519,27106519,Missense_Mutation,other non-conserving,SNP,A,,NA,ENST00000457599.2,p.N1827D,38:107,NA,NA,,NA,NA,,NA,0
DAUDI,ACH-000786,Lymphoma,"B-cell, Non-Hodgkins, Burkitts",lymphocyte,non_hodgkin_lymphoma,1,27106738,27106738,Silent,silent,SNP,C,,NA,ENST00000457599.2,p.L1900L,21:189,NA,NA,,NA,NA,,NA,0
NCIH810,ACH-000789,Lung Cancer,"Non-Small Cell Lung Cancer (NSCLC), Large Cell Carcinoma",lung,NSCLC,1,27106260,27106260,Missense_Mutation,other non-conserving,SNP,C,,NA,ENST00000457599.2,p.D1740E,116:58,NA,490:303,,750:446,NA,,3,0
SHP77,ACH-000790,Lung Cancer,Small Cell Lung Cancer (SCLC),lung,SCLC,1,27023651,27023651,Missense_Mutation,other non-conserving,SNP,C,,NA,ENST00000324856.7,p.P253S,NA,24:27,32:25,,3:5,NA,,0,1
HUH28,ACH-000808,Bile Duct Cancer,"Cholangiocarcinoma, intrahepatic",bile_duct,cholangiocarcinoma,1,27023427,27023427,Missense_Mutation,other non-conserving,SNP,G,,NA,ENST00000324856.7,p.S178I,NA,NA,4:10,,NA,NA,,0,0
HUH28,ACH-000808,Bile Duct Cancer,"Cholangiocarcinoma, intrahepatic",bile_duct,cholangiocarcinoma,1,27088666,27088666,Missense_Mutation,other non-conserving,SNP,A,,NA,ENST00000457599.2,p.M759V,33:42,NA,37:25,,9:18,NA,,NA,0
SKOV3,ACH-000811,Ovarian Cancer,"Cystadenocarcinoma, endometrioid",ovary,ovary_adenocarcinoma,1,27058048,27058048,Nonsense_Mutation,damaging,SNP,C,,NA,ENST00000457599.2,p.Q586*,85:91,26:27,80:200,,57:49,NA,,NA,0
EJM,ACH-000821,Myeloma,Multiple Myeloma,plasma_cell,multiple_myeloma,1,27059267,27059267,Missense_Mutation,other non-conserving,SNP,G,,NA,ENST00000457599.2,p.R635K,17:69,NA,96:184,,24:58,NA,,NA,0
CAL12T,ACH-000826,Lung Cancer,"Non-Small Cell Lung Cancer (NSCLC), unspecified",lung,NSCLC,1,27023734,27023734,Silent,silent,SNP,C,,NA,ENST00000324856.7,p.S280S,NA,NA,17:18,,NA,NA,,0,0
WM793,ACH-000827,Skin Cancer,Melanoma,skin,melanoma,1,27087489,27087489,Missense_Mutation,other non-conserving,SNP,A,,NA,ENST00000324856.7,p.H688P,NA,NA,NA,,NA,NA,,0,0
NCIH1436,ACH-000830,Lung Cancer,Small Cell Lung Cancer (SCLC),lung,SCLC,1,27088682,27088682,Frame_Shift_Del,damaging,DEL,C,,NA,ENST00000457599.2,p.S764fs,92:110,10:8,41:108,,63:69,NA,,4,2
HEC50B,ACH-000831,Endometrial/Uterine Cancer,Endometrial Adenocarcinoma,uterus,endometrial_adenocarcinoma,1,27023338,27023338,Nonsense_Mutation,damaging,SNP,C,,NA,ENST00000324856.7,p.Y148*,NA,NA,20:7,,NA,NA,,0,0
DMS454,ACH-000844,Lung Cancer,Small Cell Lung Cancer (SCLC),lung,SCLC,1,27023417,27023417,Missense_Mutation,other non-conserving,SNP,G,,NA,ENST00000324856.7,p.G175R,NA,11:27,NA,,NA,NA,,0,0
CAL51,ACH-000856,Breast Cancer,Carcinoma,breast,breast_carcinoma,1,27099947,27099947,Nonsense_Mutation,damaging,SNP,C,,NA,ENST00000457599.2,p.R1276*,28:23,14:21,61:179,,5:12,NA,,9,10
CAL51,ACH-000856,Breast Cancer,Carcinoma,breast,breast_carcinoma,1,27105931,27105931,Frame_Shift_Del,damaging,DEL,G,,rs140055856,ENST00000457599.2,p.G1632fs,31:44,19:24,140:58,,48:80,NA,,24,0
KYSE450,ACH-000865,Esophageal Cancer,Squamous Cell Carcinoma,esophagus,esophagus_squamous,1,27102087,27102108,Frame_Shift_Del,damaging,DEL,GGTAATGATGTCCCTCAAGTCT,,rs559876290,ENST00000324856.7,p.RVMMSLKS1671fs,NA,7:22,NA,,12:63,NA,,0,1
NCIH1048,ACH-000866,Lung Cancer,Small Cell Lung Cancer (SCLC),lung,SCLC,1,27023029,27023029,Silent,silent,SNP,C,,NA,ENST00000324856.7,p.A45A,NA,7:6,23:21,,NA,NA,,0,1
NCIH1048,ACH-000866,Lung Cancer,Small Cell Lung Cancer (SCLC),lung,SCLC,1,27023145,27023146,Frame_Shift_Del,damaging,DEL,GC,,NA,ENST00000324856.7,p.G87fs,NA,NA,35:37,,NA,NA,,0,0
CHAGOK1,ACH-000867,Lung Cancer,"Non-Small Cell Lung Cancer (NSCLC), unspecified",lung,NSCLC,1,27087345,27087345,Splice_Site,damaging,SNP,A,,NA,ENST00000457599.2,NA,36:38,18:15,NA,,30:33,NA,,NA,0
CHAGOK1,ACH-000867,Lung Cancer,"Non-Small Cell Lung Cancer (NSCLC), unspecified",lung,NSCLC,1,27087476,27087476,Missense_Mutation,other non-conserving,SNP,C,,NA,ENST00000457599.2,p.H684D,37:37,16:16,83:38,,114:126,NA,,NA,0
RS411,ACH-000874,Leukemia,"Acute Lymphoblastic Leukemia (ALL), B-cell",blood,ALL,1,27097737,27097737,Missense_Mutation,other non-conserving,SNP,G,,NA,ENST00000457599.2,p.R1109Q,34:42,NA,9:8,,77:98,NA,,NA,0
EB1,ACH-000877,Lymphoma,"B-cell, Non-Hodgkins, Burkitts",lymphocyte,non_hodgkin_lymphoma,1,27057793,27057793,Nonsense_Mutation,damaging,SNP,C,,NA,ENST00000457599.2,p.Q501*,286:277,NA,350:379,,186:220,NA,,NA,0
MFE296,ACH-000879,Endometrial/Uterine Cancer,Endometrial Adenocarcinoma,uterus,endometrial_adenocarcinoma,1,27023447,27023447,Nonsense_Mutation,damaging,SNP,C,,NA,ENST00000324856.7,p.Q185*,NA,20:27,29:23,,NA,NA,,0,0
MFE296,ACH-000879,Endometrial/Uterine Cancer,Endometrial Adenocarcinoma,uterus,endometrial_adenocarcinoma,1,27023716,27023716,Frame_Shift_Del,damaging,DEL,G,,NA,ENST00000324856.7,p.M274fs,NA,NA,24:42,,6:1,NA,,0,2
IGR1,ACH-000882,Skin Cancer,Melanoma,skin,melanoma,1,27088717,27088717,Missense_Mutation,other non-conserving,SNP,C,,NA,ENST00000457599.2,p.P776S,98:51,NA,61:24,,120:48,NA,,NA,0
TOV21G,ACH-000885,Ovarian Cancer,"Adenocarcinoma, clear cell",ovary,ovary_adenocarcinoma,1,27057936,27057937,Frame_Shift_Ins,damaging,INS,-,,NA,ENST00000457599.2,p.P549fs,55:73,NA,NA,,79:138,NA,,NA,1
TOV21G,ACH-000885,Ovarian Cancer,"Adenocarcinoma, clear cell",ovary,ovary_adenocarcinoma,1,27088659,27088659,Frame_Shift_Del,damaging,DEL,C,,NA,ENST00000457599.2,p.N756fs,39:57,NA,16:32,,34:45,NA,,5,0
SF172,ACH-000887,Brain Cancer,Glioblastoma,central_nervous_system,glioma,1,27106689,27106689,Missense_Mutation,other non-conserving,SNP,G,,rs368014828,ENST00000457599.2,p.Q1883H,195:273,NA,NA,,NA,NA,,NA,0
NCIH1793,ACH-000888,Lung Cancer,"Non-Small Cell Lung Cancer (NSCLC), Adenocarcinoma",lung,NSCLC,1,27056186,27056186,Silent,silent,SNP,A,,NA,ENST00000457599.2,p.P394P,48:35,26:10,23:22,,121:83,NA,,NA,0
NCIH1793,ACH-000888,Lung Cancer,"Non-Small Cell Lung Cancer (NSCLC), Adenocarcinoma",lung,NSCLC,1,27089696,27089696,Nonsense_Mutation,damaging,SNP,T,,NA,ENST00000457599.2,p.C884*,16:10,28:17,21:23,,197:98,NA,,NA,0
NCIH1563,ACH-000892,Lung Cancer,"Non-Small Cell Lung Cancer (NSCLC), Adenocarcinoma",lung,NSCLC,1,27100949,27100949,Nonsense_Mutation,damaging,SNP,C,,NA,ENST00000324856.7,p.Q1411*,NA,NA,48:60,,47:39,NA,,0,0
NCIH1869,ACH-000894,Lung Cancer,"Non-Small Cell Lung Cancer (NSCLC), Squamous Cell Carcinoma",lung,NSCLC,1,27105930,27105931,Frame_Shift_Ins,damaging,INS,-,,rs140055856,ENST00000457599.2,p.G1631fs,39:0,28:1,NA,,147:30,NA,,NA,3
FTC238,ACH-000897,Thyroid Cancer,"Carcinoma, follicular",thyroid,thyroid_carcinoma,1,27056278,27056278,Missense_Mutation,other non-conserving,SNP,A,,NA,ENST00000457599.2,p.Q425R,27:44,NA,46:89,,11:32,NA,,NA,0
NCIH2106,ACH-000904,Lung Cancer,"Non-Small Cell Lung Cancer (NSCLC), Large Cell Carcinoma",lung,NSCLC,1,27092726,27092726,Missense_Mutation,other non-conserving,SNP,C,,NA,ENST00000324856.7,p.P916L,NA,NA,243:108,,75:56,NA,,0,0
SNU349,ACH-000907,Kidney Cancer,"Renal Carcinoma, clear cell",kidney,renal_cell_carcinoma,1,27105931,27105931,Frame_Shift_Del,damaging,DEL,G,,rs140055856,ENST00000457599.2,p.G1632fs,42:78,NA,51:79,,27:69,NA,,24,0
SNU520,ACH-000908,Gastric Cancer,Adenocarcinoma,gastric,gastric_adenocarcinoma,1,27023649,27023649,Missense_Mutation,other non-conserving,SNP,C,,NA,ENST00000324856.7,p.P252H,NA,NA,22:23,,NA,NA,,0,1
SNU520,ACH-000908,Gastric Cancer,Adenocarcinoma,gastric,gastric_adenocarcinoma,1,27105931,27105932,Frame_Shift_Ins,damaging,INS,-,,rs140055856,ENST00000324856.7,p.G1848fs,NA,NA,118:2,,NA,NA,,24,9
JHUEM2,ACH-000909,Endometrial/Uterine Cancer,Endometrial Adenocarcinoma,uterus,endometrial_adenocarcinoma,1,27097708,27097709,Frame_Shift_Del,damaging,DEL,TC,,NA,ENST00000457599.2,p.L1100fs,14:20,NA,43:221,,68:96,NA,,NA,0
JHUEM2,ACH-000909,Endometrial/Uterine Cancer,Endometrial Adenocarcinoma,uterus,endometrial_adenocarcinoma,1,27105930,27105931,Frame_Shift_Ins,damaging,INS,-,,rs140055856,ENST00000457599.2,p.G1631fs,53:47,NA,NA,,170:194,NA,,NA,3
NUGC3,ACH-000911,Gastric Cancer,Adenocarcinoma,gastric,gastric_adenocarcinoma,1,27105930,27105931,Frame_Shift_Ins,damaging,INS,-,,rs140055856,ENST00000457599.2,p.G1631fs,NA,10:18,NA,,198:322,NA,1.647e-05,0,3
NCIH2286,ACH-000912,Lung Cancer,Small Cell Lung Cancer (SCLC),lung,SCLC,1,27092757,27092758,Nonsense_Mutation,damaging,DNP,TG,,NA,ENST00000324856.7,p.G927*,NA,NA,NA,,32:49,NA,,0,0
NCIH2286,ACH-000912,Lung Cancer,Small Cell Lung Cancer (SCLC),lung,SCLC,1,27092758,27092758,Nonsense_Mutation,damaging,SNP,G,,NA,ENST00000457599.2,p.G927*,42:48,20:15,67:94,,NA,NA,,NA,0
IM95,ACH-000919,Gastric Cancer,Adenocarcinoma,gastric,gastric_adenocarcinoma,1,27105930,27105931,Frame_Shift_Ins,damaging,INS,-,,rs140055856,ENST00000457599.2,p.G1631fs,36:33,19:18,NA,,77:102,NA,,NA,3
CMLT1,ACH-000920,Leukemia,"Chronic Myelogenous Leukemia (CML), blast crisis",blood,CML,1,27105923,27105923,Missense_Mutation,other non-conserving,SNP,G,,NA,ENST00000457599.2,p.R1628Q,60:49,NA,258:223,,67:71,NA,8.236e-06,NA,0
RCHACV,ACH-000922,Leukemia,"Acute Lymphoblastic Leukemia (ALL), B-cell",blood,ALL,1,27099019,27099019,Silent,silent,SNP,G,,NA,ENST00000324856.7,p.Q1145Q,NA,NA,95:676,,NA,NA,,0,0
NCIH2172,ACH-000924,Lung Cancer,"Non-Small Cell Lung Cancer (NSCLC), unspecified",lung,NSCLC,1,27089507,27089507,Silent,silent,SNP,C,,rs578102990,ENST00000457599.2,p.A821A,44:0,NA,141:0,,22:0,NA,1.647e-05,NA,0
NCIH2172,ACH-000924,Lung Cancer,"Non-Small Cell Lung Cancer (NSCLC), unspecified",lung,NSCLC,1,27105549,27105549,Frame_Shift_Del,damaging,DEL,C,,NA,ENST00000457599.2,p.F1503fs,294:9,NA,214:2,,114:2,NA,,NA,0
DV90,ACH-000925,Lung Cancer,"Non-Small Cell Lung Cancer (NSCLC), Adenocarcinoma",lung,NSCLC,1,27105931,27105931,Frame_Shift_Del,damaging,DEL,G,,rs140055856,ENST00000457599.2,p.G1632fs,32:45,NA,79:128,,106:197,NA,,24,0
JHUEM1,ACH-000928,Endometrial/Uterine Cancer,Endometrial Adenocarcinoma,uterus,endometrial_adenocarcinoma,1,27023486,27023486,Frame_Shift_Del,damaging,DEL,C,,NA,ENST00000324856.7,p.P198fs,NA,NA,10:58,,NA,NA,,0,0
JHUEM1,ACH-000928,Endometrial/Uterine Cancer,Endometrial Adenocarcinoma,uterus,endometrial_adenocarcinoma,1,27088711,27088711,Missense_Mutation,other non-conserving,SNP,C,,NA,ENST00000324856.7,p.R774C,NA,NA,90:289,,14:37,NA,,0,0
JHUEM1,ACH-000928,Endometrial/Uterine Cancer,Endometrial Adenocarcinoma,uterus,endometrial_adenocarcinoma,1,27106709,27106710,Frame_Shift_Ins,damaging,INS,-,,NA,ENST00000324856.7,p.GP2107fs,NA,4:12,224:84,,44:37,NA,,0,0
NCIH2110,ACH-000929,Lung Cancer,"Non-Small Cell Lung Cancer (NSCLC), unspecified",lung,NSCLC,1,27092965,27092965,Missense_Mutation,other non-conserving,SNP,G,,NA,ENST00000457599.2,p.E966K,36:183,NA,NA,,10:88,NA,,NA,0
NCIH2110,ACH-000929,Lung Cancer,"Non-Small Cell Lung Cancer (NSCLC), unspecified",lung,NSCLC,1,27099115,27099115,Silent,silent,SNP,A,,NA,ENST00000457599.2,p.P1177P,155:108,NA,105:135,,NA,NA,,NA,0
NCIH2110,ACH-000929,Lung Cancer,"Non-Small Cell Lung Cancer (NSCLC), unspecified",lung,NSCLC,1,27099117,27099117,Missense_Mutation,other non-conserving,SNP,G,,NA,ENST00000457599.2,p.G1178A,153:106,NA,105:126,,NA,NA,,NA,0
HCC1569,ACH-000930,Breast Cancer,Carcinoma,breast,breast_carcinoma,1,27106778,27106778,Missense_Mutation,other non-conserving,SNP,A,,NA,ENST00000457599.2,p.N1913S,21:46,10:13,71:116,,26:70,NA,,NA,0
SNU1,ACH-000932,Gastric Cancer,Adenocarcinoma,gastric,gastric_adenocarcinoma,1,27023255,27023255,Missense_Mutation,other non-conserving,SNP,C,,NA,ENST00000324856.7,p.P121S,NA,7:10,55:7,,NA,NA,,0,0
SNU1,ACH-000932,Gastric Cancer,Adenocarcinoma,gastric,gastric_adenocarcinoma,1,27024002,27024002,Frame_Shift_Del,damaging,DEL,G,,NA,ENST00000324856.7,p.G371fs,NA,NA,20:89,,NA,NA,,0,2
SNU1,ACH-000932,Gastric Cancer,Adenocarcinoma,gastric,gastric_adenocarcinoma,1,27101268,27101268,Frame_Shift_Del,damaging,DEL,C,,NA,ENST00000324856.7,p.A1517fs,NA,NA,47:163,,87:124,NA,,7,7
SNU1,ACH-000932,Gastric Cancer,Adenocarcinoma,gastric,gastric_adenocarcinoma,1,27105930,27105931,Frame_Shift_Ins,damaging,INS,-,,rs140055856,ENST00000457599.2,p.G1631fs,21:18,24:22,NA,,65:75,NA,,NA,3
SNU324,ACH-000933,Pancreatic Cancer,"Ductal Adenocarcinoma, exocrine",pancreas,exocrine,1,27100181,27100182,In_Frame_Ins,other non-conserving,INS,-,,rs570962335|rs370696498|rs374564889,ENST00000457599.2,p.1334_1335insQ,28:28,NA,NA,,NA,NA,,NA,2
SNU324,ACH-000933,Pancreatic Cancer,"Ductal Adenocarcinoma, exocrine",pancreas,exocrine,1,27106100,27106100,Frame_Shift_Del,damaging,DEL,A,,NA,ENST00000457599.2,p.E1687fs,36:58,NA,122:138,,52:76,NA,,NA,0
MDAMB361,ACH-000934,Breast Cancer,Carcinoma,breast,breast_carcinoma,1,27094465,27094465,Missense_Mutation,other non-conserving,SNP,T,,NA,ENST00000457599.2,p.V1058G,40:39,13:24,45:69,,51:70,NA,,NA,0
MDAMB361,ACH-000934,Breast Cancer,Carcinoma,breast,breast_carcinoma,1,27100093,27100093,Nonsense_Mutation,damaging,SNP,G,,NA,ENST00000457599.2,p.E1297*,32:53,NA,NA,,NA,NA,,NA,0
EFO27,ACH-000936,Ovarian Cancer,"Adenocarcinoma, endometrioid",ovary,ovary_adenocarcinoma,1,27023744,27023744,Frame_Shift_Del,damaging,DEL,G,,NA,ENST00000324856.7,p.G285fs,NA,NA,NA,,4:7,NA,,0,0
EFO27,ACH-000936,Ovarian Cancer,"Adenocarcinoma, endometrioid",ovary,ovary_adenocarcinoma,1,27099961,27099961,Silent,silent,SNP,C,,NA,ENST00000457599.2,p.P1280P,11:27,23:30,31:100,,23:36,NA,,NA,3
EFO27,ACH-000936,Ovarian Cancer,"Adenocarcinoma, endometrioid",ovary,ovary_adenocarcinoma,1,27105553,27105553,Nonsense_Mutation,damaging,SNP,C,,NA,ENST00000457599.2,p.R1505*,133:127,20:29,102:66,,133:113,NA,,12,5
PF382,ACH-000937,Leukemia,"Acute Lymphoblastic Leukemia (ALL), T-cell",blood,ALL,1,27106603,27106603,Missense_Mutation,other non-conserving,SNP,G,,NA,ENST00000457599.2,p.D1855H,48:361,NA,99:679,,13:110,NA,,NA,0
SKUT1,ACH-000939,Sarcoma,Leiomyosarcoma,soft_tissue,leiomyosarcoma,1,27023716,27023716,Frame_Shift_Del,damaging,DEL,G,,NA,ENST00000324856.7,p.M274fs,NA,NA,11:19,,3:4,NA,,0,2
SKUT1,ACH-000939,Sarcoma,Leiomyosarcoma,soft_tissue,leiomyosarcoma,1,27100176,27100176,Frame_Shift_Del,damaging,DEL,C,,rs377622327,ENST00000457599.2,p.Y1324fs,61:55,15:13,93:165,,17:45,NA,,8,1
AN3CA,ACH-000940,Endometrial/Uterine Cancer,Endometrial Adenocarcinoma,uterus,endometrial_adenocarcinoma,1,27105931,27105931,Frame_Shift_Del,damaging,DEL,G,,rs140055856,ENST00000457599.2,p.G1632fs,26:38,9:22,102:115,,104:143,NA,,24,0
AN3CA,ACH-000940,Endometrial/Uterine Cancer,Endometrial Adenocarcinoma,uterus,endometrial_adenocarcinoma,1,27106545,27106568,In_Frame_Del,other non-conserving,DEL,CTTGGAGATGCTCCGGGAAAACAC,,NA,ENST00000324856.7,p.LEMLRENT2053del,NA,10:25,NA,,20:62,NA,,0,1
HEC1B,ACH-000941,Endometrial/Uterine Cancer,Endometrial Adenocarcinoma,uterus,endometrial_adenocarcinoma,1,27105670,27105670,Missense_Mutation,other non-conserving,SNP,G,,NA,ENST00000457599.2,p.G1544C,30:16,NA,226:246,,61:71,NA,8.236e-06,NA,0
HEC1B,ACH-000941,Endometrial/Uterine Cancer,Endometrial Adenocarcinoma,uterus,endometrial_adenocarcinoma,1,27105892,27105892,Nonsense_Mutation,damaging,SNP,C,,NA,ENST00000457599.2,p.Q1618*,73:95,NA,308:216,,42:63,NA,,NA,1
HEC1B,ACH-000941,Endometrial/Uterine Cancer,Endometrial Adenocarcinoma,uterus,endometrial_adenocarcinoma,1,27106732,27106732,Nonsense_Mutation,damaging,SNP,C,,NA,ENST00000457599.2,p.Q1898*,127:128,NA,306:398,,67:63,NA,,NA,0
RKO,ACH-000943,Colon/Colorectal Cancer,Adenocarcinoma,colorectal,colorectal_adenocarcinoma,1,27097751,27097751,Frame_Shift_Del,damaging,DEL,C,,NA,ENST00000457599.2,p.P1115fs,17:23,27:29,21:39,,329:400,NA,,3,0
RKO,ACH-000943,Colon/Colorectal Cancer,Adenocarcinoma,colorectal,colorectal_adenocarcinoma,1,27105931,27105931,Frame_Shift_Del,damaging,DEL,G,,rs140055856,ENST00000457599.2,p.G1632fs,15:21,19:29,36:42,,217:309,NA,,24,0
NAMALWA,ACH-000944,Lymphoma,"B-cell, Non-Hodgkins, Burkitts",lymphocyte,non_hodgkin_lymphoma,1,27023720,27023720,Nonsense_Mutation,damaging,SNP,G,,NA,ENST00000324856.7,p.G276*,NA,NA,11:20,,3:4,NA,,0,0
HEC265,ACH-000946,Endometrial/Uterine Cancer,Endometrial Adenocarcinoma,uterus,endometrial_adenocarcinoma,1,27101117,27101117,Frame_Shift_Del,damaging,DEL,C,,NA,ENST00000324856.7,p.P1468fs,NA,NA,50:86,,196:245,NA,,0,1
OVK18,ACH-000947,Ovarian Cancer,"Adenocarcinoma, endometrioid",ovary,ovary_adenocarcinoma,1,27023716,27023716,Frame_Shift_Del,damaging,DEL,G,,NA,ENST00000324856.7,p.M274fs,NA,NA,26:21,,NA,NA,,0,2
OVK18,ACH-000947,Ovarian Cancer,"Adenocarcinoma, endometrioid",ovary,ovary_adenocarcinoma,1,27058064,27058064,Frame_Shift_Del,damaging,DEL,C,,NA,ENST00000457599.2,p.A591fs,47:55,9:20,86:175,,26:27,NA,,NA,0
2313287,ACH-000948,Gastric Cancer,Adenocarcinoma,gastric,gastric_adenocarcinoma,1,27106630,27106633,Frame_Shift_Del,damaging,DEL,TGCC,,NA,ENST00000457599.2,p.CL1864fs,34:30,15:30,NA,,35:48,NA,,NA,0
LOVO,ACH-000950,Colon/Colorectal Cancer,Adenocarcinoma,colorectal,colorectal_adenocarcinoma,1,27106804,27106804,Frame_Shift_Del,damaging,DEL,C,,NA,ENST00000457599.2,p.P1923fs,48:49,15:18,106:99,,89:149,NA,,16,1
HEC1A,ACH-000954,Endometrial/Uterine Cancer,Endometrial Adenocarcinoma,uterus,endometrial_adenocarcinoma,1,27056216,27056216,Missense_Mutation,other non-conserving,SNP,A,,NA,ENST00000457599.2,p.Q404H,177:218,25:20,62:84,,57:60,NA,,NA,0
HEC1A,ACH-000954,Endometrial/Uterine Cancer,Endometrial Adenocarcinoma,uterus,endometrial_adenocarcinoma,1,27100173,27100173,Silent,silent,SNP,C,,NA,ENST00000457599.2,p.R1323R,117:153,14:10,190:196,,25:41,NA,,NA,0
HEC1A,ACH-000954,Endometrial/Uterine Cancer,Endometrial Adenocarcinoma,uterus,endometrial_adenocarcinoma,1,27105670,27105670,Missense_Mutation,other non-conserving,SNP,G,,NA,ENST00000457599.2,p.G1544C,25:19,23:19,164:207,,46:57,NA,8.236e-06,NA,0
HEC1A,ACH-000954,Endometrial/Uterine Cancer,Endometrial Adenocarcinoma,uterus,endometrial_adenocarcinoma,1,27105892,27105892,Nonsense_Mutation,damaging,SNP,C,,NA,ENST00000457599.2,p.Q1618*,80:71,15:24,256:184,,101:104,NA,,NA,1
HEC1A,ACH-000954,Endometrial/Uterine Cancer,Endometrial Adenocarcinoma,uterus,endometrial_adenocarcinoma,1,27106732,27106732,Nonsense_Mutation,damaging,SNP,C,,NA,ENST00000457599.2,p.Q1898*,128:121,19:26,265:362,,98:98,NA,,NA,0
22RV1,ACH-000956,Prostate Cancer,Adenocarcinoma,prostate,prostate_adenocarcinoma,1,27100176,27100176,Frame_Shift_Del,damaging,DEL,C,,rs377622327,ENST00000457599.2,p.Y1324fs,35:52,13:22,155:113,,60:112,NA,,8,1
22RV1,ACH-000956,Prostate Cancer,Adenocarcinoma,prostate,prostate_adenocarcinoma,1,27105930,27105931,Frame_Shift_Ins,damaging,INS,-,,rs140055856,ENST00000457599.2,p.G1631fs,32:39,13:27,NA,,192:345,NA,,NA,3
LS180,ACH-000957,Colon/Colorectal Cancer,Adenocarcinoma,colorectal,colorectal_adenocarcinoma,1,27057732,27057732,Silent,silent,SNP,G,,NA,ENST00000324856.7,p.Q480Q,NA,5:32,NA,,27:163,NA,8.236e-06,0,0
LS180,ACH-000957,Colon/Colorectal Cancer,Adenocarcinoma,colorectal,colorectal_adenocarcinoma,1,27097688,27097688,Frame_Shift_Del,damaging,DEL,A,,NA,ENST00000457599.2,p.K1094fs,68:76,17:24,18:97,,45:54,NA,,3,0
SW48,ACH-000958,Colon/Colorectal Cancer,Adenocarcinoma,colorectal,colorectal_adenocarcinoma,1,27100181,27100181,Missense_Mutation,other non-conserving,SNP,C,,rs570962335|rs374564889,ENST00000457599.2,p.P1326L,11:18,18:12,NA,,NA,NA,,NA,1
SW48,ACH-000958,Colon/Colorectal Cancer,Adenocarcinoma,colorectal,colorectal_adenocarcinoma,1,27101402,27101402,Frame_Shift_Del,damaging,DEL,C,,NA,ENST00000324856.7,p.P1563fs,NA,NA,4:8,,73:97,NA,,0,1
SNUC4,ACH-000959,Colon/Colorectal Cancer,Adenocarcinoma,colorectal,colorectal_adenocarcinoma,1,27088722,27088722,Silent,silent,SNP,C,,rs533343799,ENST00000457599.2,p.S777S,80:3,NA,120:4,,54:0,NA,2.471e-05,NA,0
SNUC4,ACH-000959,Colon/Colorectal Cancer,Adenocarcinoma,colorectal,colorectal_adenocarcinoma,1,27099937,27099937,Silent,silent,SNP,G,,NA,ENST00000457599.2,p.A1272A,38:1,NA,120:4,,7:0,NA,8.237e-06,NA,0
REH,ACH-000960,Leukemia,"Acute Lymphoblastic Leukemia (ALL), B-cell",blood,ALL,1,27089661,27089661,Missense_Mutation,other non-conserving,SNP,G,,NA,ENST00000457599.2,p.A873T,10:63,NA,NA,,NA,NA,8.236e-06,NA,0
REH,ACH-000960,Leukemia,"Acute Lymphoblastic Leukemia (ALL), B-cell",blood,ALL,1,27099103,27099103,Frame_Shift_Del,damaging,DEL,C,,NA,ENST00000324856.7,p.I1173fs,NA,NA,65:201,,14:9,NA,,4,1
ISHIKAWAHERAKLIO02ER,ACH-000961,Endometrial/Uterine Cancer,Endometrial Adenocarcinoma,uterus,endometrial_adenocarcinoma,1,27023904,27023904,Frame_Shift_Del,damaging,DEL,G,,NA,ENST00000457599.2,p.W337fs,19:19,NA,4:13,,NA,NA,,NA,0
ISHIKAWAHERAKLIO02ER,ACH-000961,Endometrial/Uterine Cancer,Endometrial Adenocarcinoma,uterus,endometrial_adenocarcinoma,1,27057936,27057936,Silent,silent,SNP,G,,NA,ENST00000457599.2,p.Q548Q,13:13,13:13,125:331,,23:43,NA,,NA,1
ISHIKAWAHERAKLIO02ER,ACH-000961,Endometrial/Uterine Cancer,Endometrial Adenocarcinoma,uterus,endometrial_adenocarcinoma,1,27106804,27106804,Frame_Shift_Del,damaging,DEL,C,,NA,ENST00000457599.2,p.P1923fs,12:13,12:19,113:72,,42:89,NA,,16,1
OC314,ACH-000962,Ovarian Cancer,"Cystadenocarcinoma, clear cell",ovary,ovary_adenocarcinoma,1,27099895,27099895,Frame_Shift_Del,damaging,DEL,C,,NA,ENST00000457599.2,p.D1258fs,8:33,NA,10:53,,NA,NA,,NA,0
OC314,ACH-000962,Ovarian Cancer,"Cystadenocarcinoma, clear cell",ovary,ovary_adenocarcinoma,1,27099947,27099947,Nonsense_Mutation,damaging,SNP,C,,NA,ENST00000457599.2,p.R1276*,16:37,NA,22:77,,NA,NA,,9,10
OC314,ACH-000962,Ovarian Cancer,"Cystadenocarcinoma, clear cell",ovary,ovary_adenocarcinoma,1,27106228,27106228,Nonsense_Mutation,damaging,SNP,C,,NA,ENST00000457599.2,p.Q1730*,142:80,NA,195:61,,NA,NA,,3,0
MOLT3,ACH-000964,Leukemia,"Acute Lymphoblastic Leukemia (ALL), T-cell",blood,ALL,1,27106309,27106309,Nonsense_Mutation,damaging,SNP,C,,NA,ENST00000457599.2,p.Q1757*,26:94,NA,181:526,,NA,NA,,NA,0
RL952,ACH-000965,Endometrial/Uterine Cancer,Endometrial Adenosquamous Carcinoma,uterus,endometrial_adenosquamous,1,27058026,27058026,Silent,silent,SNP,G,,NA,ENST00000457599.2,p.A578A,123:113,20:21,115:126,,35:34,NA,,NA,0
RL952,ACH-000965,Endometrial/Uterine Cancer,Endometrial Adenosquamous Carcinoma,uterus,endometrial_adenosquamous,1,27087373,27087373,Frame_Shift_Del,damaging,DEL,C,,NA,ENST00000457599.2,p.L649fs,69:81,19:18,32:72,,109:111,NA,,NA,0
RL952,ACH-000965,Endometrial/Uterine Cancer,Endometrial Adenosquamous Carcinoma,uterus,endometrial_adenosquamous,1,27087503,27087503,Nonsense_Mutation,damaging,SNP,C,,rs555633429,ENST00000457599.2,p.R693*,64:66,25:15,43:58,,83:97,NA,,9,5
IGROV1,ACH-000966,Ovarian Cancer,"Adenocarcinoma, mixed",ovary,ovary_adenocarcinoma,1,27023716,27023716,Frame_Shift_Del,damaging,DEL,G,,NA,ENST00000324856.7,p.M274fs,NA,NA,5:22,,10:6,NA,,0,2
IGROV1,ACH-000966,Ovarian Cancer,"Adenocarcinoma, mixed",ovary,ovary_adenocarcinoma,1,27105930,27105931,Frame_Shift_Ins,damaging,INS,-,,rs140055856,ENST00000457599.2,p.G1631fs,19:30,15:20,NA,,202:330,NA,,NA,3
SNUC2A,ACH-000967,Colon/Colorectal Cancer,Adenocarcinoma,colorectal,colorectal_adenocarcinoma,1,27101509,27101509,Silent,silent,SNP,C,,NA,ENST00000457599.2,p.N1380N,56:33,19:16,240:259,,43:53,NA,,NA,0
COLO792,ACH-000968,Skin Cancer,Melanoma,skin,melanoma,1,27088682,27088682,Missense_Mutation,other non-conserving,SNP,C,,NA,ENST00000457599.2,p.S764F,38:73,NA,61:95,,14:19,NA,,4,2
KM12,ACH-000969,Colon/Colorectal Cancer,Adenocarcinoma,colorectal,colorectal_adenocarcinoma,1,27057975,27057975,Missense_Mutation,other non-conserving,SNP,G,,NA,ENST00000457599.2,p.Q561H,59:60,9:25,140:192,,16:9,NA,,NA,0
KM12,ACH-000969,Colon/Colorectal Cancer,Adenocarcinoma,colorectal,colorectal_adenocarcinoma,1,27105930,27105931,Frame_Shift_Ins,damaging,INS,-,,rs140055856,ENST00000457599.2,p.G1631fs,20:24,16:20,NA,,24:33,NA,,NA,3
SNUC5,ACH-000970,Colon/Colorectal Cancer,Adenocarcinoma,colorectal,colorectal_adenocarcinoma,1,27088682,27088682,Frame_Shift_Del,damaging,DEL,C,,NA,ENST00000457599.2,p.S764fs,44:42,NA,4:10,,19:29,NA,,4,2
SNUC5,ACH-000970,Colon/Colorectal Cancer,Adenocarcinoma,colorectal,colorectal_adenocarcinoma,1,27097621,27097622,Frame_Shift_Ins,damaging,INS,-,,NA,ENST00000324856.7,p.K1071fs,NA,NA,6:21,,NA,NA,,0,3
HEC151,ACH-000972,Endometrial/Uterine Cancer,Endometrial Adenocarcinoma,uterus,endometrial_adenocarcinoma,1,27023716,27023716,Frame_Shift_Del,damaging,DEL,G,,NA,ENST00000324856.7,p.M274fs,NA,NA,20:0,,NA,NA,,0,2
HEC151,ACH-000972,Endometrial/Uterine Cancer,Endometrial Adenocarcinoma,uterus,endometrial_adenocarcinoma,1,27101350,27101350,Silent,silent,SNP,G,,rs146171057,ENST00000324856.7,p.S1544S,NA,NA,8:123,,NA,NA,8.237e-06,4,0
HEC151,ACH-000972,Endometrial/Uterine Cancer,Endometrial Adenocarcinoma,uterus,endometrial_adenocarcinoma,1,27106287,27106287,Silent,silent,SNP,A,,NA,ENST00000457599.2,p.P1749P,53:58,NA,78:97,,216:219,NA,,NA,0
639V,ACH-000973,Bladder Cancer,Transitional Cell Carcinoma,urinary_tract,bladder_carcinoma,1,27092965,27092965,Missense_Mutation,other non-conserving,SNP,G,,NA,ENST00000457599.2,p.E966K,25:36,NA,90:134,,31:66,NA,,NA,0
SNGM,ACH-000974,Endometrial/Uterine Cancer,Endometrial Adenocarcinoma,uterus,endometrial_adenocarcinoma,1,27105931,27105931,Frame_Shift_Del,damaging,DEL,G,,rs140055856,ENST00000457599.2,p.G1632fs,55:54,18:24,95:111,,142:192,NA,,24,0
SNGM,ACH-000974,Endometrial/Uterine Cancer,Endometrial Adenocarcinoma,uterus,endometrial_adenocarcinoma,1,27106804,27106804,Frame_Shift_Del,damaging,DEL,C,,NA,ENST00000457599.2,p.P1923fs,78:69,25:32,74:114,,121:163,NA,,16,1
HCC2450,ACH-000975,Lung Cancer,"Non-Small Cell Lung Cancer (NSCLC), Squamous Cell Carcinoma",lung,NSCLC,1,27088795,27088795,Nonsense_Mutation,damaging,SNP,C,,NA,ENST00000457599.2,p.Q802*,80:41,NA,32:35,,NA,NA,,NA,0
LNCAPCLONEFGC,ACH-000977,Prostate Cancer,Adenocarcinoma,prostate,prostate_adenocarcinoma,1,27023744,27023744,Frame_Shift_Del,damaging,DEL,G,,NA,ENST00000324856.7,p.G285fs,NA,NA,6:29,,7:7,NA,,0,0
LNCAPCLONEFGC,ACH-000977,Prostate Cancer,Adenocarcinoma,prostate,prostate_adenocarcinoma,1,27106347,27106347,Silent,silent,SNP,T,,NA,ENST00000324856.7,p.N1986N,NA,NA,NA,,NA,NA,8.236e-06,0,0
EN,ACH-000978,Endometrial/Uterine Cancer,Endometrial Adenocarcinoma,uterus,endometrial_adenocarcinoma,1,27097688,27097688,Frame_Shift_Del,damaging,DEL,A,,NA,ENST00000457599.2,p.K1094fs,21:25,NA,26:145,,33:65,NA,,3,0
EN,ACH-000978,Endometrial/Uterine Cancer,Endometrial Adenocarcinoma,uterus,endometrial_adenocarcinoma,1,27105930,27105931,Frame_Shift_Ins,damaging,INS,-,,rs140055856,ENST00000457599.2,p.G1631fs,24:19,NA,NA,,38:50,NA,,NA,3
GP2D,ACH-000982,Colon/Colorectal Cancer,Adenocarcinoma,colorectal,colorectal_adenocarcinoma,1,27023891,27023891,Missense_Mutation,other non-conserving,SNP,G,,NA,ENST00000324856.7,p.A333T,NA,6:7,10:1,,NA,NA,,0,0
GP2D,ACH-000982,Colon/Colorectal Cancer,Adenocarcinoma,colorectal,colorectal_adenocarcinoma,1,27097622,27097622,Frame_Shift_Del,damaging,DEL,A,,NA,ENST00000457599.2,p.K1072fs,NA,21:17,40:163,,24:31,NA,,13,2
GP2D,ACH-000982,Colon/Colorectal Cancer,Adenocarcinoma,colorectal,colorectal_adenocarcinoma,1,27105949,27105949,Missense_Mutation,other non-conserving,SNP,C,,NA,ENST00000457599.2,p.H1637Y,NA,14:19,143:77,,130:155,NA,,0,0
KCL22,ACH-000983,Leukemia,"Chronic Myelogenous Leukemia (CML), blast crisis",blood,CML,1,27057672,27057672,Silent,silent,SNP,C,,NA,ENST00000457599.2,p.S460S,20:166,NA,NA,,34:211,NA,1.647e-05,NA,0
KCL22,ACH-000983,Leukemia,"Chronic Myelogenous Leukemia (CML), blast crisis",blood,CML,1,27101590,27101590,Silent,silent,SNP,C,,NA,ENST00000457599.2,p.H1407H,33:35,NA,147:171,,66:78,NA,,NA,0
HEC6,ACH-000984,Endometrial/Uterine Cancer,Endometrial Adenocarcinoma,uterus,endometrial_adenocarcinoma,1,27024001,27024002,Frame_Shift_Ins,damaging,INS,-,,NA,ENST00000324856.7,p.G370fs,NA,NA,34:21,,NA,NA,,0,2
HEC6,ACH-000984,Endometrial/Uterine Cancer,Endometrial Adenocarcinoma,uterus,endometrial_adenocarcinoma,1,27105931,27105931,Frame_Shift_Del,damaging,DEL,G,,rs140055856,ENST00000457599.2,p.G1632fs,72:2,NA,235:0,,127:22,NA,,24,0
LS411N,ACH-000985,Colon/Colorectal Cancer,Adenocarcinoma,colorectal,colorectal_adenocarcinoma,1,27100176,27100176,Frame_Shift_Del,damaging,DEL,C,,rs377622327,ENST00000457599.2,p.Y1324fs,27:17,20:18,70:96,,31:32,NA,,8,1
HT115,ACH-000986,Colon/Colorectal Cancer,Adenocarcinoma,colorectal,colorectal_adenocarcinoma,1,27105966,27105966,Silent,silent,SNP,C,,rs140358624,ENST00000457599.2,p.F1642F,46:57,6:12,185:163,,92:86,NA,4.942e-05,NA,0
MEWO,ACH-000987,Skin Cancer,Melanoma,skin,melanoma,1,27106617,27106617,Silent,silent,SNP,C,,NA,ENST00000457599.2,p.Y1859Y,41:47,NA,155:145,,58:34,NA,,NA,2
MFE319,ACH-000988,Endometrial/Uterine Cancer,,uterus,endometrial_adenocarcinoma,1,27058074,27058074,Silent,silent,SNP,G,,NA,ENST00000457599.2,p.Q594Q,96:129,20:10,145:228,,16:20,NA,,NA,0
MFE319,ACH-000988,Endometrial/Uterine Cancer,,uterus,endometrial_adenocarcinoma,1,27101434,27101434,Silent,silent,SNP,C,,NA,ENST00000324856.7,p.Y1572Y,NA,16:13,125:164,,42:69,NA,8.266e-06,0,0
MFE319,ACH-000988,Endometrial/Uterine Cancer,,uterus,endometrial_adenocarcinoma,1,27101445,27101445,Missense_Mutation,other non-conserving,SNP,C,,NA,ENST00000324856.7,p.P1576L,NA,16:15,138:178,,51:71,NA,,0,0
MFE319,ACH-000988,Endometrial/Uterine Cancer,,uterus,endometrial_adenocarcinoma,1,27105606,27105633,Frame_Shift_Del,damaging,DEL,AGGACAGAGAACGCTACTGGATCCTGGG,,rs528936858|rs368675329,ENST00000324856.7,p.PGQRTLLDPG1739fs,NA,17:30,NA,,NA,NA,,0,2
MFE319,ACH-000988,Endometrial/Uterine Cancer,,uterus,endometrial_adenocarcinoma,1,27107219,27107219,Missense_Mutation,other non-conserving,SNP,A,,NA,ENST00000457599.2,p.D2060G,60:73,16:15,116:181,,96:95,NA,,NA,0
SNU175,ACH-000989,Colon/Colorectal Cancer,"Adenocarcinoma, mucinous",colorectal,colorectal_adenocarcinoma,1,27099952,27099952,Silent,silent,SNP,G,,NA,ENST00000457599.2,p.Q1277Q,31:15,NA,94:100,,9:7,NA,,NA,3
SNU175,ACH-000989,Colon/Colorectal Cancer,"Adenocarcinoma, mucinous",colorectal,colorectal_adenocarcinoma,1,27100888,27100888,Silent,silent,SNP,C,,NA,ENST00000324856.7,p.S1390S,NA,NA,163:178,,9:15,NA,,0,0
SNU175,ACH-000989,Colon/Colorectal Cancer,"Adenocarcinoma, mucinous",colorectal,colorectal_adenocarcinoma,1,27105974,27105974,Missense_Mutation,other non-conserving,SNP,A,,NA,ENST00000457599.2,p.K1645R,60:45,NA,135:142,,46:60,NA,,NA,0
HEC108,ACH-000990,Endometrial/Uterine Cancer,Endometrial Adenocarcinoma,uterus,endometrial_adenocarcinoma,1,27023528,27023528,Missense_Mutation,other non-conserving,SNP,T,,NA,ENST00000324856.7,p.Y212H,NA,NA,11:22,,3:3,NA,,0,0
HEC108,ACH-000990,Endometrial/Uterine Cancer,Endometrial Adenocarcinoma,uterus,endometrial_adenocarcinoma,1,27097622,27097622,Frame_Shift_Del,damaging,DEL,A,,NA,ENST00000457599.2,p.K1072fs,19:29,NA,41:171,,23:66,NA,,13,2
HEC108,ACH-000990,Endometrial/Uterine Cancer,Endometrial Adenocarcinoma,uterus,endometrial_adenocarcinoma,1,27100123,27100123,Missense_Mutation,other non-conserving,SNP,C,,NA,ENST00000457599.2,p.P1307S,31:26,NA,171:90,,42:24,NA,,NA,0
HEC108,ACH-000990,Endometrial/Uterine Cancer,Endometrial Adenocarcinoma,uterus,endometrial_adenocarcinoma,1,27101054,27101054,Nonsense_Mutation,damaging,SNP,C,,NA,ENST00000324856.7,p.R1446*,NA,NA,112:40,,133:65,NA,,6,5
HEC108,ACH-000990,Endometrial/Uterine Cancer,Endometrial Adenocarcinoma,uterus,endometrial_adenocarcinoma,1,27106967,27106967,Missense_Mutation,other non-conserving,SNP,G,,NA,ENST00000457599.2,p.G1976D,41:31,NA,146:63,,115:55,NA,,NA,1
SNU81,ACH-000991,Colon/Colorectal Cancer,Adenocarcinoma,colorectal,colorectal_adenocarcinoma,1,27106582,27106582,Missense_Mutation,other non-conserving,SNP,G,,NA,ENST00000457599.2,p.A1848T,57:61,NA,102:81,,24:18,NA,,NA,0
BICR18,ACH-000992,Head and Neck Cancer,Squamous Cell Carcinoma,upper_aerodigestive,upper_aerodigestive_squamous,1,27023482,27023482,Silent,silent,SNP,G,,NA,ENST00000457599.2,p.A196A,NA,NA,NA,,5:3,NA,,0,0
BICR18,ACH-000992,Head and Neck Cancer,Squamous Cell Carcinoma,upper_aerodigestive,upper_aerodigestive_squamous,1,27023500,27023500,Silent,silent,SNP,T,,NA,ENST00000457599.2,p.S202S,NA,NA,NA,,5:4,NA,,0,0
BICR18,ACH-000992,Head and Neck Cancer,Squamous Cell Carcinoma,upper_aerodigestive,upper_aerodigestive_squamous,1,27057960,27057960,Silent,silent,SNP,T,,NA,ENST00000324856.7,p.A556A,NA,NA,NA,,4:34,NA,,0,0
BICR18,ACH-000992,Head and Neck Cancer,Squamous Cell Carcinoma,upper_aerodigestive,upper_aerodigestive_squamous,1,27057969,27057969,Silent,silent,SNP,T,,NA,ENST00000324856.7,p.P559P,NA,NA,NA,,4:32,NA,,0,0
BICR18,ACH-000992,Head and Neck Cancer,Squamous Cell Carcinoma,upper_aerodigestive,upper_aerodigestive_squamous,1,27059256,27059256,Silent,silent,SNP,C,,NA,ENST00000324856.7,p.S631S,NA,NA,NA,,8:52,NA,,0,0
BICR18,ACH-000992,Head and Neck Cancer,Squamous Cell Carcinoma,upper_aerodigestive,upper_aerodigestive_squamous,1,27087370,27087370,Silent,silent,SNP,C,,NA,ENST00000324856.7,p.D648D,NA,NA,NA,,9:70,NA,,0,0
BICR18,ACH-000992,Head and Neck Cancer,Squamous Cell Carcinoma,upper_aerodigestive,upper_aerodigestive_squamous,1,27087406,27087406,Silent,silent,SNP,A,,NA,ENST00000457599.2,p.G660G,8:72,NA,NA,,22:85,NA,,NA,0
BICR18,ACH-000992,Head and Neck Cancer,Squamous Cell Carcinoma,upper_aerodigestive,upper_aerodigestive_squamous,1,27087448,27087448,Silent,silent,SNP,T,,NA,ENST00000324856.7,p.S674S,NA,NA,NA,,13:85,NA,,0,0
BICR18,ACH-000992,Head and Neck Cancer,Squamous Cell Carcinoma,upper_aerodigestive,upper_aerodigestive_squamous,1,27087511,27087511,Silent,silent,SNP,T,,NA,ENST00000324856.7,p.P695P,NA,NA,NA,,9:67,NA,,0,0
BICR18,ACH-000992,Head and Neck Cancer,Squamous Cell Carcinoma,upper_aerodigestive,upper_aerodigestive_squamous,1,27087544,27087544,Silent,silent,SNP,T,,NA,ENST00000324856.7,p.V706V,NA,NA,NA,,10:61,NA,,0,0
BICR18,ACH-000992,Head and Neck Cancer,Squamous Cell Carcinoma,upper_aerodigestive,upper_aerodigestive_squamous,1,27087927,27087927,Silent,silent,SNP,T,,NA,ENST00000457599.2,p.H738H,4:30,NA,NA,,12:32,NA,,NA,0
BICR18,ACH-000992,Head and Neck Cancer,Squamous Cell Carcinoma,upper_aerodigestive,upper_aerodigestive_squamous,1,27092715,27092715,Silent,silent,SNP,G,,NA,ENST00000324856.7,p.P912P,NA,NA,NA,,7:36,NA,3.295e-05,0,0
BICR18,ACH-000992,Head and Neck Cancer,Squamous Cell Carcinoma,upper_aerodigestive,upper_aerodigestive_squamous,1,27092727,27092727,Silent,silent,SNP,C,,NA,ENST00000324856.7,p.P916P,NA,NA,NA,,7:40,NA,,0,0
BICR18,ACH-000992,Head and Neck Cancer,Squamous Cell Carcinoma,upper_aerodigestive,upper_aerodigestive_squamous,1,27092766,27092766,Silent,silent,SNP,T,,NA,ENST00000324856.7,p.P929P,NA,NA,NA,,11:51,NA,,0,0
BICR18,ACH-000992,Head and Neck Cancer,Squamous Cell Carcinoma,upper_aerodigestive,upper_aerodigestive_squamous,1,27092781,27092781,Silent,silent,SNP,T,,NA,ENST00000324856.7,p.I934I,NA,NA,NA,,10:52,NA,,0,0
BICR18,ACH-000992,Head and Neck Cancer,Squamous Cell Carcinoma,upper_aerodigestive,upper_aerodigestive_squamous,1,27092824,27092824,Missense_Mutation,other non-conserving,SNP,T,,NA,ENST00000324856.7,p.S949P,NA,NA,NA,,13:54,NA,,0,0
BICR18,ACH-000992,Head and Neck Cancer,Squamous Cell Carcinoma,upper_aerodigestive,upper_aerodigestive_squamous,1,27092826,27092826,Silent,silent,SNP,C,,NA,ENST00000324856.7,p.S949S,NA,NA,NA,,13:56,NA,,0,0
BICR18,ACH-000992,Head and Neck Cancer,Squamous Cell Carcinoma,upper_aerodigestive,upper_aerodigestive_squamous,1,27092988,27092988,Silent,silent,SNP,A,,NA,ENST00000324856.7,p.V973V,NA,NA,NA,,8:59,NA,,0,0
BICR18,ACH-000992,Head and Neck Cancer,Squamous Cell Carcinoma,upper_aerodigestive,upper_aerodigestive_squamous,1,27093000,27093000,Silent,silent,SNP,A,,NA,ENST00000324856.7,p.P977P,NA,NA,NA,,7:54,NA,,0,0
BICR18,ACH-000992,Head and Neck Cancer,Squamous Cell Carcinoma,upper_aerodigestive,upper_aerodigestive_squamous,1,27093006,27093006,Silent,silent,SNP,C,,NA,ENST00000324856.7,p.T979T,NA,NA,NA,,7:52,NA,,0,0
BICR18,ACH-000992,Head and Neck Cancer,Squamous Cell Carcinoma,upper_aerodigestive,upper_aerodigestive_squamous,1,27094370,27094370,Silent,silent,SNP,T,,NA,ENST00000324856.7,p.R1026R,NA,NA,NA,,8:64,NA,,0,0
BICR18,ACH-000992,Head and Neck Cancer,Squamous Cell Carcinoma,upper_aerodigestive,upper_aerodigestive_squamous,1,27094373,27094373,Silent,silent,SNP,T,,rs200853803,ENST00000457599.2,p.Y1027Y,NA,NA,NA,,8:68,NA,1.647e-05,0,0
BICR18,ACH-000992,Head and Neck Cancer,Squamous Cell Carcinoma,upper_aerodigestive,upper_aerodigestive_squamous,1,27094385,27094385,Silent,silent,SNP,T,,NA,ENST00000324856.7,p.T1031T,NA,NA,NA,,14:72,NA,,0,0
BICR18,ACH-000992,Head and Neck Cancer,Squamous Cell Carcinoma,upper_aerodigestive,upper_aerodigestive_squamous,1,27094427,27094427,Silent,silent,SNP,T,,NA,ENST00000457599.2,p.G1045G,10:66,NA,NA,,12:54,NA,,NA,0
BICR18,ACH-000992,Head and Neck Cancer,Squamous Cell Carcinoma,upper_aerodigestive,upper_aerodigestive_squamous,1,27094433,27094433,Silent,silent,SNP,A,,NA,ENST00000457599.2,p.K1047K,10:65,NA,NA,,14:46,NA,,NA,0
BICR18,ACH-000992,Head and Neck Cancer,Squamous Cell Carcinoma,upper_aerodigestive,upper_aerodigestive_squamous,1,27097660,27097660,Silent,silent,SNP,C,,NA,ENST00000457599.2,p.G1083G,5:29,NA,NA,,NA,NA,,NA,0
BICR18,ACH-000992,Head and Neck Cancer,Squamous Cell Carcinoma,upper_aerodigestive,upper_aerodigestive_squamous,1,27099352,27099352,Missense_Mutation,other non-conserving,SNP,T,,NA,ENST00000457599.2,p.S1197P,4:15,NA,NA,,9:54,NA,,NA,0
BICR18,ACH-000992,Head and Neck Cancer,Squamous Cell Carcinoma,upper_aerodigestive,upper_aerodigestive_squamous,1,27099396,27099396,Silent,silent,SNP,T,,NA,ENST00000457599.2,p.Y1211Y,11:32,NA,NA,,28:76,NA,,NA,1
BICR18,ACH-000992,Head and Neck Cancer,Squamous Cell Carcinoma,upper_aerodigestive,upper_aerodigestive_squamous,1,27101050,27101050,Missense_Mutation,other non-conserving,SNP,G,,NA,ENST00000324856.7,p.E1444D,NA,NA,NA,,8:35,NA,,0,1
BICR18,ACH-000992,Head and Neck Cancer,Squamous Cell Carcinoma,upper_aerodigestive,upper_aerodigestive_squamous,1,27101167,27101167,Silent,silent,SNP,C,,NA,ENST00000324856.7,p.G1483G,NA,NA,NA,,12:57,NA,,0,0
BICR18,ACH-000992,Head and Neck Cancer,Squamous Cell Carcinoma,upper_aerodigestive,upper_aerodigestive_squamous,1,27101200,27101200,Silent,silent,SNP,A,,NA,ENST00000324856.7,p.Q1494Q,NA,NA,NA,,15:54,NA,,0,0
BICR18,ACH-000992,Head and Neck Cancer,Squamous Cell Carcinoma,upper_aerodigestive,upper_aerodigestive_squamous,1,27101221,27101221,Silent,silent,SNP,T,,NA,ENST00000324856.7,p.R1501R,NA,NA,NA,,6:48,NA,,0,0
BICR18,ACH-000992,Head and Neck Cancer,Squamous Cell Carcinoma,upper_aerodigestive,upper_aerodigestive_squamous,1,27101236,27101236,Silent,silent,SNP,T,,NA,ENST00000324856.7,p.Y1506Y,NA,NA,NA,,7:52,NA,8.236e-06,0,1
BICR18,ACH-000992,Head and Neck Cancer,Squamous Cell Carcinoma,upper_aerodigestive,upper_aerodigestive_squamous,1,27101454,27101454,Missense_Mutation,other non-conserving,SNP,A,,NA,ENST00000324856.7,p.Q1579P,NA,NA,NA,,8:41,NA,,0,0
BICR18,ACH-000992,Head and Neck Cancer,Squamous Cell Carcinoma,upper_aerodigestive,upper_aerodigestive_squamous,1,27106380,27106380,Silent,silent,SNP,T,,NA,ENST00000324856.7,p.N1997N,NA,NA,NA,,13:112,NA,,0,0
BICR18,ACH-000992,Head and Neck Cancer,Squamous Cell Carcinoma,upper_aerodigestive,upper_aerodigestive_squamous,1,27106416,27106416,Silent,silent,SNP,C,,NA,ENST00000457599.2,p.L1792L,6:33,NA,NA,,25:92,NA,8.236e-06,NA,0
BICR18,ACH-000992,Head and Neck Cancer,Squamous Cell Carcinoma,upper_aerodigestive,upper_aerodigestive_squamous,1,27106458,27106458,Silent,silent,SNP,A,,NA,ENST00000457599.2,p.E1806E,8:43,NA,NA,,22:70,NA,,NA,0
BICR18,ACH-000992,Head and Neck Cancer,Squamous Cell Carcinoma,upper_aerodigestive,upper_aerodigestive_squamous,1,27106485,27106485,Silent,silent,SNP,A,,NA,ENST00000457599.2,p.E1815E,9:49,NA,NA,,17:53,NA,,NA,0
BICR18,ACH-000992,Head and Neck Cancer,Squamous Cell Carcinoma,upper_aerodigestive,upper_aerodigestive_squamous,1,27106518,27106519,Missense_Mutation,other non-conserving,DNP,CA,,NA,ENST00000324856.7,p.N2044D,NA,NA,NA,,7:41,NA,,0,0
BICR18,ACH-000992,Head and Neck Cancer,Squamous Cell Carcinoma,upper_aerodigestive,upper_aerodigestive_squamous,1,27106731,27106731,Silent,silent,SNP,G,,NA,ENST00000324856.7,p.P2114P,NA,NA,NA,,9:72,NA,,0,0
BICR18,ACH-000992,Head and Neck Cancer,Squamous Cell Carcinoma,upper_aerodigestive,upper_aerodigestive_squamous,1,27106738,27106738,Silent,silent,SNP,C,,NA,ENST00000324856.7,p.L2117L,NA,NA,NA,,12:81,NA,,0,0
BICR18,ACH-000992,Head and Neck Cancer,Squamous Cell Carcinoma,upper_aerodigestive,upper_aerodigestive_squamous,1,27106794,27106794,Silent,silent,SNP,T,,NA,ENST00000324856.7,p.I2135I,NA,NA,NA,,12:81,NA,,0,1
JHUEM7,ACH-000993,Endometrial/Uterine Cancer,Endometrial Adenocarcinoma,uterus,endometrial_adenocarcinoma,1,27094301,27094301,Silent,silent,SNP,A,,NA,ENST00000324856.7,p.T1003T,NA,NA,22:81,,NA,NA,,0,0
JHUEM7,ACH-000993,Endometrial/Uterine Cancer,Endometrial Adenocarcinoma,uterus,endometrial_adenocarcinoma,1,27099433,27099433,Missense_Mutation,other non-conserving,SNP,A,,NA,ENST00000457599.2,p.M1224V,34:25,NA,43:49,,95:93,NA,1.647e-05,NA,2
JHUEM7,ACH-000993,Endometrial/Uterine Cancer,Endometrial Adenocarcinoma,uterus,endometrial_adenocarcinoma,1,27106354,27106354,Nonsense_Mutation,damaging,SNP,C,,NA,ENST00000457599.2,p.R1772*,23:29,NA,62:43,,155:144,NA,,36,8
JHUEM7,ACH-000993,Endometrial/Uterine Cancer,Endometrial Adenocarcinoma,uterus,endometrial_adenocarcinoma,1,27107083,27107083,Missense_Mutation,other non-conserving,SNP,C,,NA,ENST00000324856.7,p.R2232W,NA,NA,43:70,,36:24,NA,,0,3
HEC59,ACH-000994,Endometrial/Uterine Cancer,Endometrial Adenocarcinoma,uterus,endometrial_adenocarcinoma,1,27023373,27023373,Missense_Mutation,other non-conserving,SNP,C,,NA,ENST00000324856.7,p.A160V,NA,NA,12:25,,NA,NA,,0,1
HEC59,ACH-000994,Endometrial/Uterine Cancer,Endometrial Adenocarcinoma,uterus,endometrial_adenocarcinoma,1,27023740,27023740,Silent,silent,SNP,C,,NA,ENST00000324856.7,p.A282A,NA,NA,14:35,,4:8,NA,,0,0
HEC59,ACH-000994,Endometrial/Uterine Cancer,Endometrial Adenocarcinoma,uterus,endometrial_adenocarcinoma,1,27056286,27056286,Nonsense_Mutation,damaging,SNP,C,,NA,ENST00000457599.2,p.Q428*,19:28,NA,92:161,,47:47,NA,,NA,0
HEC59,ACH-000994,Endometrial/Uterine Cancer,Endometrial Adenocarcinoma,uterus,endometrial_adenocarcinoma,1,27097780,27097780,Silent,silent,SNP,C,,NA,ENST00000457599.2,p.S1123S,18:45,NA,57:221,,38:125,NA,,NA,0
HEC59,ACH-000994,Endometrial/Uterine Cancer,Endometrial Adenocarcinoma,uterus,endometrial_adenocarcinoma,1,27106804,27106804,Frame_Shift_Del,damaging,DEL,C,,NA,ENST00000457599.2,p.P1923fs,35:108,NA,59:147,,66:266,NA,,16,1
JURKAT,ACH-000995,Leukemia,"Acute Lymphoblastic Leukemia (ALL), T-cell",blood,ALL,1,27056333,27056333,Silent,silent,SNP,C,,rs369923774,ENST00000457599.2,p.G443G,16:22,NA,144:205,,23:32,NA,2.471e-05,NA,0
JURKAT,ACH-000995,Leukemia,"Acute Lymphoblastic Leukemia (ALL), T-cell",blood,ALL,1,27101268,27101268,Frame_Shift_Del,damaging,DEL,C,,NA,ENST00000324856.7,p.A1517fs,NA,NA,31:134,,98:364,NA,,7,7
JURKAT,ACH-000995,Leukemia,"Acute Lymphoblastic Leukemia (ALL), T-cell",blood,ALL,1,27105886,27105886,Missense_Mutation,other non-conserving,SNP,C,,rs372213935,ENST00000457599.2,p.R1616C,34:40,NA,162:176,,122:123,NA,,NA,0
HEC251,ACH-000996,Endometrial/Uterine Cancer,Endometrial Adenocarcinoma,uterus,endometrial_adenocarcinoma,1,27099904,27099904,Silent,silent,SNP,T,,NA,ENST00000457599.2,p.S1261S,8:40,NA,16:57,,5:19,NA,,NA,0
HEC251,ACH-000996,Endometrial/Uterine Cancer,Endometrial Adenocarcinoma,uterus,endometrial_adenocarcinoma,1,27106720,27106720,Missense_Mutation,other non-conserving,SNP,G,,NA,ENST00000457599.2,p.V1894I,66:67,NA,133:131,,63:62,NA,2.471e-05,NA,0
HEC251,ACH-000996,Endometrial/Uterine Cancer,Endometrial Adenocarcinoma,uterus,endometrial_adenocarcinoma,1,27107204,27107204,Nonsense_Mutation,damaging,SNP,C,,NA,ENST00000457599.2,p.S2055*,49:64,NA,82:85,,66:84,NA,,NA,0
HCT15,ACH-000997,Colon/Colorectal Cancer,Adenocarcinoma,colorectal,colorectal_adenocarcinoma,1,27023703,27023703,Missense_Mutation,other non-conserving,SNP,G,,NA,ENST00000324856.7,p.R270H,NA,12:14,11:6,,15:8,NA,,0,0
HCT15,ACH-000997,Colon/Colorectal Cancer,Adenocarcinoma,colorectal,colorectal_adenocarcinoma,1,27099865,27099865,Silent,silent,SNP,A,,NA,ENST00000457599.2,p.S1248S,15:13,20:15,109:99,,6:11,NA,,NA,0
CW2,ACH-000998,Colon/Colorectal Cancer,Adenocarcinoma,colorectal,colorectal_adenocarcinoma,1,27100922,27100922,Nonsense_Mutation,damaging,SNP,C,,NA,ENST00000324856.7,p.Q1402*,NA,NA,NA,,NA,NA,,0,0
SNU1040,ACH-000999,Colon/Colorectal Cancer,Adenocarcinoma,colorectal,colorectal_adenocarcinoma,1,27056209,27056209,Missense_Mutation,other non-conserving,SNP,C,,NA,ENST00000457599.2,p.S402L,32:139,NA,NA,,NA,NA,,NA,0
SNU1040,ACH-000999,Colon/Colorectal Cancer,Adenocarcinoma,colorectal,colorectal_adenocarcinoma,1,27088711,27088711,Missense_Mutation,other non-conserving,SNP,C,,NA,ENST00000457599.2,p.R774C,45:58,NA,129:148,,23:28,NA,,NA,0
SNU1040,ACH-000999,Colon/Colorectal Cancer,Adenocarcinoma,colorectal,colorectal_adenocarcinoma,1,27089703,27089703,Missense_Mutation,other non-conserving,SNP,C,,NA,ENST00000457599.2,p.P887T,4:35,NA,NA,,NA,NA,,NA,0
SNU1040,ACH-000999,Colon/Colorectal Cancer,Adenocarcinoma,colorectal,colorectal_adenocarcinoma,1,27101402,27101402,Frame_Shift_Del,damaging,DEL,C,,NA,ENST00000324856.7,p.P1563fs,NA,NA,NA,,NA,NA,,0,1
SNU1040,ACH-000999,Colon/Colorectal Cancer,Adenocarcinoma,colorectal,colorectal_adenocarcinoma,1,27106968,27106968,Silent,silent,SNP,C,,NA,ENST00000457599.2,p.G1976G,13:56,NA,NA,,NA,NA,,NA,1
DL40,ACH-001060,Lymphoma,T-cell,lymphocyte,lymphoma_unspecified,1,27097762,27097772,Frame_Shift_Del,damaging,DEL,CTTTGCAGCTG,,rs111262971,ENST00000457599.2,p.FAAA1118fs,24:94,NA,NA,,NA,NA,,NA,0
DLD1,ACH-001061,Colon/Colorectal Cancer,Adenocarcinoma,colorectal,colorectal_adenocarcinoma,1,27099865,27099865,Silent,silent,SNP,A,,NA,ENST00000457599.2,p.S1248S,53:72,NA,NA,,NA,NA,,NA,0
EB2,ACH-001064,Lymphoma,"B-cell, Non-Hodgkins, Burkitts",lymphocyte,non_hodgkin_lymphoma,1,27057793,27057793,Nonsense_Mutation,damaging,SNP,C,,NA,ENST00000457599.2,p.Q501*,224:183,NA,NA,,125:90,NA,,NA,0
F5,ACH-001067,Brain Cancer,Meningioma,central_nervous_system,meningioma,1,27023468,27023468,Silent,silent,SNP,C,,NA,ENST00000457599.2,p.L192L,5:36,NA,NA,,NA,NA,,NA,0
F5,ACH-001067,Brain Cancer,Meningioma,central_nervous_system,meningioma,1,27023482,27023482,Silent,silent,SNP,G,,NA,ENST00000457599.2,p.A196A,7:42,NA,NA,,NA,NA,,NA,0
F5,ACH-001067,Brain Cancer,Meningioma,central_nervous_system,meningioma,1,27023500,27023500,Silent,silent,SNP,T,,NA,ENST00000457599.2,p.S202S,10:50,NA,NA,,NA,NA,,NA,0
F5,ACH-001067,Brain Cancer,Meningioma,central_nervous_system,meningioma,1,27023570,27023570,Missense_Mutation,other non-conserving,SNP,G,,NA,ENST00000457599.2,p.A226P,4:21,NA,NA,,NA,NA,,NA,0
F5,ACH-001067,Brain Cancer,Meningioma,central_nervous_system,meningioma,1,27023574,27023574,Missense_Mutation,other non-conserving,SNP,C,,NA,ENST00000457599.2,p.P227Q,4:20,NA,NA,,NA,NA,,NA,0
F5,ACH-001067,Brain Cancer,Meningioma,central_nervous_system,meningioma,1,27023632,27023632,Silent,silent,SNP,T,,NA,ENST00000457599.2,p.A246A,4:30,NA,NA,,NA,NA,,NA,1
F5,ACH-001067,Brain Cancer,Meningioma,central_nervous_system,meningioma,1,27099396,27099396,Silent,silent,SNP,T,,NA,ENST00000457599.2,p.Y1211Y,13:104,NA,NA,,NA,NA,,NA,1
NCIH292,ACH-001075,Lung Cancer,"Non-Small Cell Lung Cancer (NSCLC), Mucoepidermoid Carcinoma",lung,NSCLC,1,27023029,27023029,Silent,silent,SNP,C,,NA,ENST00000324856.7,p.A45A,NA,NA,10:0,,NA,NA,,0,1
HCC2998,ACH-001081,Colon/Colorectal Cancer,,colorectal,colorectal_adenocarcinoma,1,27106354,27106354,Nonsense_Mutation,damaging,SNP,C,,NA,ENST00000457599.2,p.R1772*,74:70,NA,NA,,NA,NA,,36,8
HCC2998,ACH-001081,Colon/Colorectal Cancer,,colorectal,colorectal_adenocarcinoma,1,27107178,27107178,Silent,silent,SNP,A,,NA,ENST00000457599.2,p.V2046V,59:49,NA,NA,,NA,NA,1.647e-05,NA,1
HRT18,ACH-001091,Colon/Colorectal Cancer,Adenocarcinoma,colorectal,colorectal_adenocarcinoma,1,27099865,27099865,Silent,silent,SNP,A,,NA,ENST00000324856.7,p.S1248S,NA,NA,NA,,6:3,NA,,0,0
KCIMOH1,ACH-001098,Pancreatic Cancer,"Ductal Adenocarcinoma, exocrine",pancreas,exocrine,1,27101611,27101612,Frame_Shift_Ins,damaging,INS,-,,rs372335126,ENST00000457599.2,p.P1415fs,48:52,NA,NA,,NA,NA,,NA,1
KOPN8,ACH-001106,Leukemia,"Acute Lymphoblastic Leukemia (ALL), B-cell",blood,ALL,1,27023219,27023219,Missense_Mutation,other non-conserving,SNP,C,,NA,ENST00000324856.7,p.P109S,NA,NA,13:15,,NA,NA,,0,0
MOLT4,ACH-001127,Leukemia,"Acute Lymphoblastic Leukemia (ALL), T-cell",blood,ALL,1,27089662,27089662,Missense_Mutation,other non-conserving,SNP,C,,NA,ENST00000457599.2,p.A873V,10:29,NA,NA,,31:120,NA,,NA,0
MOLT4,ACH-001127,Leukemia,"Acute Lymphoblastic Leukemia (ALL), T-cell",blood,ALL,1,27094450,27094450,Missense_Mutation,other non-conserving,SNP,G,,NA,ENST00000457599.2,p.R1053H,26:87,NA,NA,,42:169,NA,,NA,0
MOLT4,ACH-001127,Leukemia,"Acute Lymphoblastic Leukemia (ALL), T-cell",blood,ALL,1,27106394,27106394,Missense_Mutation,other non-conserving,SNP,C,,NA,ENST00000457599.2,p.S1785F,16:60,NA,NA,,79:319,NA,,NA,0
OC316,ACH-001145,Ovarian Cancer,"Adenocarcinoma, serous",ovary,ovary_adenocarcinoma,1,27099895,27099895,Frame_Shift_Del,damaging,DEL,C,,NA,ENST00000457599.2,p.D1258fs,28:63,NA,NA,,NA,NA,,NA,0
OC316,ACH-001145,Ovarian Cancer,"Adenocarcinoma, serous",ovary,ovary_adenocarcinoma,1,27099947,27099947,Nonsense_Mutation,damaging,SNP,C,,NA,ENST00000457599.2,p.R1276*,42:70,NA,NA,,5:11,NA,,9,10
OC316,ACH-001145,Ovarian Cancer,"Adenocarcinoma, serous",ovary,ovary_adenocarcinoma,1,27106228,27106228,Nonsense_Mutation,damaging,SNP,C,,NA,ENST00000457599.2,p.Q1730*,135:68,NA,NA,,139:61,NA,,3,0
CCLFPEDS0003T,ACH-001164,Sarcoma,Undifferentiated,soft_tissue,undifferentiated_sarcoma,1,27023685,27023685,Nonsense_Mutation,damaging,SNP,C,,NA,ENST00000457599.2,p.S264*,8:0,NA,NA,,NA,NA,,NA,1
SNUC2B,ACH-001199,Colon/Colorectal Cancer,Adenocarcinoma,colorectal,colorectal_adenocarcinoma,1,27101509,27101509,Silent,silent,SNP,C,,NA,ENST00000457599.2,p.N1380N,43:37,NA,NA,,NA,NA,,NA,0
VMRCLCD,ACH-001233,Lung Cancer,"Non-Small Cell Lung Cancer (NSCLC), Adenocarcinoma",lung,NSCLC,1,27057889,27057889,Missense_Mutation,other non-conserving,SNP,C,,rs200572766,ENST00000457599.2,p.P533A,151:0,NA,NA,,142:0,NA,,NA,0
BIN67,ACH-001278,Ovarian Cancer,Small Cell Carcinoma of the Ovary Hypercalcemic Type (SCCOHT),ovary,SCCOHT,1,27105663,27105663,Silent,silent,SNP,C,,NA,ENST00000457599.2,p.P1541P,7:11,NA,NA,,NA,NA,8.236e-06,NA,0
COGN278,ACH-001301,Neuroblastoma,,peripheral_nervous_system,neuroblastoma,1,27097639,27097640,Frame_Shift_Ins,damaging,INS,-,,NA,ENST00000457599.2,p.A1077fs,54:0,NA,NA,,NA,NA,,NA,0
COGN305,ACH-001302,Neuroblastoma,,peripheral_nervous_system,neuroblastoma,1,27023542,27023542,Nonsense_Mutation,damaging,SNP,C,,NA,ENST00000457599.2,p.Y216*,10:0,NA,NA,,NA,NA,,NA,0
C33A,ACH-001333,Cervical Cancer,Carcinoma,cervix,cervical_carcinoma,1,27088659,27088659,Frame_Shift_Del,damaging,DEL,C,,NA,ENST00000457599.2,p.N756fs,33:43,NA,NA,,NA,NA,,5,0
CASKI,ACH-001336,Cervical Cancer,Squamous Cell Carcinoma,cervix,cervical_squamous,1,27023945,27023945,Missense_Mutation,other non-conserving,SNP,G,,NA,ENST00000457599.2,p.G351R,7:14,NA,NA,,NA,NA,,NA,0
COV413A,ACH-001340,Ovarian Cancer,Carcinoma,ovary,ovary_carcinoma,1,27106277,27106277,Missense_Mutation,other non-conserving,SNP,A,,NA,ENST00000457599.2,p.D1746G,135:136,NA,NA,,NA,NA,,NA,0
GP5D,ACH-001345,Colon/Colorectal Cancer,Adenocarcinoma,colorectal,colorectal_adenocarcinoma,1,27097622,27097622,Frame_Shift_Del,damaging,DEL,A,,NA,ENST00000457599.2,p.K1072fs,94:76,NA,NA,,NA,NA,,13,2
GP5D,ACH-001345,Colon/Colorectal Cancer,Adenocarcinoma,colorectal,colorectal_adenocarcinoma,1,27105949,27105949,Missense_Mutation,other non-conserving,SNP,C,,NA,ENST00000457599.2,p.H1637Y,95:101,NA,NA,,NA,NA,,NA,0
JOPACA1,ACH-001353,Pancreatic Cancer,"Ductal Adenocarcinoma, exocrine",pancreas,exocrine,1,27023715,27023716,Frame_Shift_Ins,damaging,INS,-,,NA,ENST00000457599.2,p.MG274fs,24:0,NA,NA,,NA,NA,,NA,0
OCIC5X,ACH-001369,Ovarian Cancer,"Adenocarcinoma, clear cell",ovary,ovary_adenocarcinoma,1,27023170,27023170,Silent,silent,SNP,C,,NA,ENST00000457599.2,p.G92G,5:19,NA,NA,,NA,NA,,NA,0
OCIC5X,ACH-001369,Ovarian Cancer,"Adenocarcinoma, clear cell",ovary,ovary_adenocarcinoma,1,27105931,27105931,Frame_Shift_Del,damaging,DEL,G,,rs140055856,ENST00000457599.2,p.G1632fs,71:60,NA,NA,,NA,NA,,24,0
OCIC5X,ACH-001369,Ovarian Cancer,"Adenocarcinoma, clear cell",ovary,ovary_adenocarcinoma,1,27106078,27106078,Frame_Shift_Del,damaging,DEL,C,,rs557936244,ENST00000457599.2,p.P1682fs,46:42,NA,NA,,NA,NA,,NA,0
PACADD137,ACH-001377,Pancreatic Cancer,"Ductal Adenocarcinoma, exocrine",pancreas,exocrine,1,27097622,27097622,Frame_Shift_Del,damaging,DEL,A,,NA,ENST00000457599.2,p.K1072fs,96:0,NA,NA,,NA,NA,,13,2
PACADD161,ACH-001379,Pancreatic Cancer,"Ductal Adenocarcinoma, exocrine",pancreas,exocrine,1,27057799,27057799,Nonsense_Mutation,damaging,SNP,C,,NA,ENST00000457599.2,p.Q503*,243:152,NA,NA,,NA,NA,,NA,0
PACADD165,ACH-001380,Pancreatic Cancer,"Ductal Adenocarcinoma, exocrine",pancreas,exocrine,1,27023646,27023661,Frame_Shift_Del,damaging,DEL,CGCCTCCCTCCTCCAG,,NA,ENST00000457599.2,p.PPPSSS251fs,17:0,NA,NA,,NA,NA,,NA,0
SUM149PT,ACH-001390,Breast Cancer,Breast Ductal Carcinoma,breast,breast_ductal_carcinoma,1,27107034,27107034,Silent,silent,SNP,C,,NA,ENST00000457599.2,p.L1998L,35:61,NA,NA,,NA,NA,,NA,0
SUM52PE,ACH-001396,Breast Cancer,Carcinoma,breast,breast_carcinoma,1,27106961,27106962,Frame_Shift_Ins,damaging,INS,-,,NA,ENST00000457599.2,p.I1975fs,82:95,NA,NA,,NA,NA,,NA,2
SW756,ACH-001402,Cervical Cancer,Squamous Cell Carcinoma,cervix,cervical_squamous,1,27105682,27105682,Missense_Mutation,other non-conserving,SNP,G,,NA,ENST00000457599.2,p.E1548K,41:0,NA,NA,,NA,NA,,NA,0
UMUC10,ACH-001412,Bladder Cancer,Transitional Cell Carcinoma,urinary_tract,bladder_carcinoma,1,27022913,27022938,Frame_Shift_Del,damaging,DEL,CCCGCCGCCGCCAGCAGCCTGGGCAA,,rs112262001,ENST00000457599.2,p.PAAASSLGN7fs,6:0,NA,NA,,NA,NA,,NA,0
UMUC11,ACH-001413,Bladder Cancer,Transitional Cell Carcinoma,urinary_tract,bladder_carcinoma,1,27101685,27101685,Missense_Mutation,other non-conserving,SNP,G,,NA,ENST00000457599.2,p.R1439K,14:22,NA,NA,,NA,NA,,NA,0
UMUC6,ACH-001414,Bladder Cancer,Transitional Cell Carcinoma,urinary_tract,bladder_carcinoma,1,27105930,27105931,Frame_Shift_Ins,damaging,INS,-,,rs140055856,ENST00000457599.2,p.G1631fs,107:127,NA,NA,,NA,NA,,NA,3
UMUC7,ACH-001415,Bladder Cancer,Transitional Cell Carcinoma,urinary_tract,bladder_carcinoma,1,27100166,27100166,Missense_Mutation,other non-conserving,SNP,C,,NA,ENST00000457599.2,p.P1321R,215:104,NA,NA,,NA,NA,,NA,0
A388,ACH-001442,Skin Cancer,Squamous Cell Carcinoma,epidermoid_carcinoma,skin_squamous ,1,27100168,27100168,Missense_Mutation,other non-conserving,SNP,A,,NA,ENST00000457599.2,p.S1322G,233:292,NA,NA,,NA,NA,8.236e-06,NA,0
BLUE1,ACH-001450,Lymphoma,"B-cell, Non-Hodgkins, Burkitts",lymphocyte,non_hodgkin_lymphoma,1,27023944,27023944,Silent,silent,SNP,G,,NA,ENST00000457599.2,p.S350S,15:20,NA,NA,,NA,NA,,NA,0
BLUE1,ACH-001450,Lymphoma,"B-cell, Non-Hodgkins, Burkitts",lymphocyte,non_hodgkin_lymphoma,1,27058037,27058037,Missense_Mutation,other non-conserving,SNP,C,,NA,ENST00000457599.2,p.P582L,78:78,NA,NA,,NA,NA,,NA,0
HEC1,ACH-001517,Endometrial/Uterine Cancer,Endometrial Adenocarcinoma,uterus,endometrial_adenocarcinoma,1,27105670,27105670,Missense_Mutation,other non-conserving,SNP,G,,NA,ENST00000457599.2,p.G1544C,25:7,NA,NA,,NA,NA,8.236e-06,NA,0
HEC1,ACH-001517,Endometrial/Uterine Cancer,Endometrial Adenocarcinoma,uterus,endometrial_adenocarcinoma,1,27105892,27105892,Nonsense_Mutation,damaging,SNP,C,,NA,ENST00000457599.2,p.Q1618*,44:101,NA,NA,,NA,NA,,NA,1
HEC1,ACH-001517,Endometrial/Uterine Cancer,Endometrial Adenocarcinoma,uterus,endometrial_adenocarcinoma,1,27106732,27106732,Nonsense_Mutation,damaging,SNP,C,,NA,ENST00000457599.2,p.Q1898*,148:72,NA,NA,,NA,NA,,NA,0
HEC116,ACH-001518,Endometrial/Uterine Cancer,Endometrial Adenocarcinoma,uterus,endometrial_adenocarcinoma,1,27105931,27105931,Frame_Shift_Del,damaging,DEL,G,,rs140055856,ENST00000457599.2,p.G1632fs,108:113,NA,NA,,NA,NA,,24,0
HEC116,ACH-001518,Endometrial/Uterine Cancer,Endometrial Adenocarcinoma,uterus,endometrial_adenocarcinoma,1,27106354,27106354,Nonsense_Mutation,damaging,SNP,C,,NA,ENST00000457599.2,p.R1772*,185:210,NA,NA,,NA,NA,,36,8
KMS28PE,ACH-001541,Myeloma,Multiple Myeloma,plasma_cell,multiple_myeloma,1,27100325,27100325,Missense_Mutation,other non-conserving,SNP,A,,NA,ENST00000457599.2,p.Q1346R,105:131,NA,NA,,NA,NA,,NA,0
MCC13,ACH-001550,Skin Cancer,Merkel Cell Carcinoma,skin,merkel_cell_carcinoma,1,27106936,27106936,Missense_Mutation,other non-conserving,SNP,C,,NA,ENST00000457599.2,p.R1966C,67:88,NA,NA,,NA,NA,,NA,1
NCIH64,ACH-001599,Lung Cancer,Small Cell Lung Cancer (SCLC),lung,SCLC,1,27057895,27057895,Missense_Mutation,other non-conserving,SNP,C,,NA,ENST00000457599.2,p.P535T,102:109,NA,NA,,NA,NA,1.647e-05,NA,0
SKGT2,ACH-001653,Gastric Cancer,Adenocarcinoma,gastric,gastric_adenocarcinoma,1,27106107,27106107,Silent,silent,SNP,G,,NA,ENST00000457599.2,p.R1689R,170:176,NA,NA,,NA,NA,,NA,0
SNU638,ACH-001664,Gastric Cancer,Adenocarcinoma,gastric,gastric_adenocarcinoma,1,27092740,27092740,Frame_Shift_Del,damaging,DEL,G,,NA,ENST00000457599.2,p.G922fs,65:93,NA,NA,,NA,NA,,NA,0
U698M,ACH-001680,Lymphoma,Lymphoblastic Lymphoma,lymphocyte,non_hodgkin_lymphoma,1,27094361,27094361,Nonsense_Mutation,damaging,SNP,G,,NA,ENST00000457599.2,p.W1023*,43:48,NA,NA,,NA,NA,,NA,0
U698M,ACH-001680,Lymphoma,Lymphoblastic Lymphoma,lymphocyte,non_hodgkin_lymphoma,1,27101054,27101054,Nonsense_Mutation,damaging,SNP,C,,NA,ENST00000324856.7,p.R1446*,NA,NA,NA,,NA,NA,,6,5
OCIC4P,ACH-001719,Ovarian Cancer,"Adenocarcinoma, clear cell",ovary,ovary_adenocarcinoma,1,27087885,27087885,Missense_Mutation,other non-conserving,SNP,G,,NA,ENST00000457599.2,p.M724I,71:184,NA,NA,,NA,NA,,NA,0
HSB2,ACH-001737,Leukemia,"Acute Lymphoblastic Leukemia (ALL), T-cell",blood,ALL,1,27099036,27099036,Missense_Mutation,other non-conserving,SNP,G,,NA,ENST00000457599.2,p.S1151N,85:103,NA,NA,,NA,NA,,NA,0
HSB2,ACH-001737,Leukemia,"Acute Lymphoblastic Leukemia (ALL), T-cell",blood,ALL,1,27106662,27106662,Missense_Mutation,other non-conserving,SNP,G,,NA,ENST00000457599.2,p.W1874C,122:96,NA,NA,,NA,NA,,NA,0
CCRFCEM,ACH-001738,Leukemia,"Acute Lymphoblastic Leukemia (ALL), T-cell",blood,ALL,1,27101106,27101106,Missense_Mutation,other non-conserving,SNP,G,,NA,ENST00000324856.7,p.R1463H,NA,NA,NA,,NA,NA,1.647e-05,0,0
RH4,ACH-001765,Sarcoma,"Rhabdomyosarcoma, alveolar",soft_tissue,rhabdomyosarcoma,1,27094289,27094291,In_Frame_Del,other non-conserving,DEL,TTC,,NA,ENST00000457599.2,p.999_1000SS>S,23:88,NA,NA,,NA,NA,,NA,1
SNU1544,ACH-001786,Colon/Colorectal Cancer,Adenocarcinoma,colorectal,colorectal_adenocarcinoma,1,27099880,27099880,Silent,silent,SNP,C,,NA,ENST00000457599.2,p.N1253N,56:64,NA,NA,,NA,NA,,NA,0
SNU1544,ACH-001786,Colon/Colorectal Cancer,Adenocarcinoma,colorectal,colorectal_adenocarcinoma,1,27105930,27105931,Frame_Shift_Ins,damaging,INS,-,,rs140055856,ENST00000457599.2,p.G1631fs,117:118,NA,NA,,NA,NA,,NA,3
MFM223,ACH-001819,Breast Cancer,Breast Ductal Carcinoma,breast,breast_ductal_carcinoma,1,27097815,27097847,Splice_Site,damaging,DEL,CTGGTAAGGATGGGGTCAGCGGCCCCACCAAGG,,NA,ENST00000457599.2,p.1135_1136PG>R,21:108,NA,NA,,NA,NA,,NA,0
ICC3,ACH-001843,Bile Duct Cancer,"Cholangiocarcinoma, intrahepatic",bile_duct,cholangiocarcinoma,1,27059206,27059207,Frame_Shift_Ins,damaging,INS,-,,NA,ENST00000457599.2,p.A615fs,156:0,NA,NA,,NA,NA,,NA,0
ICC4,ACH-001844,Bile Duct Cancer,"Cholangiocarcinoma, intrahepatic",bile_duct,cholangiocarcinoma,1,27056232,27056232,Nonsense_Mutation,damaging,SNP,G,,NA,ENST00000457599.2,p.G410*,380:0,NA,NA,,NA,NA,,NA,0
KMCH1,ACH-001853,Bile Duct Cancer,"Cholangiocarcinoma, intrahepatic",bile_duct,cholangiocarcinoma,1,27094455,27094456,Frame_Shift_Del,damaging,DEL,TA,,NA,ENST00000457599.2,p.Y1055fs,145:0,NA,NA,,NA,NA,,NA,0
GB2,ACH-001961,Gallbladder Cancer,Adenocarcinoma,bile_duct,gallbladder_adenocarcinoma,1,27057835,27057835,Nonsense_Mutation,damaging,SNP,C,,NA,ENST00000457599.2,p.Q515*,506:405,NA,NA,,NA,NA,,3,0
GB2,ACH-001961,Gallbladder Cancer,Adenocarcinoma,bile_duct,gallbladder_adenocarcinoma,1,27106676,27106676,Nonsense_Mutation,damaging,SNP,C,,NA,ENST00000457599.2,p.S1879*,150:188,NA,NA,,NA,NA,,NA,1
NZM3,ACH-001982,Skin Cancer,Melanoma,skin,melanoma,1,27099043,27099043,Silent,silent,SNP,C,,NA,ENST00000457599.2,p.S1153S,44:0,NA,NA,,NA,NA,,NA,0
NZOV9,ACH-001991,Ovarian Cancer,"Adenocarcinoma, endometrioid",ovary,ovary_adenocarcinoma,1,27023418,27023418,Missense_Mutation,other non-conserving,SNP,G,,NA,ENST00000457599.2,p.G175E,13:10,NA,NA,,NA,NA,,NA,0
NZOV9,ACH-001991,Ovarian Cancer,"Adenocarcinoma, endometrioid",ovary,ovary_adenocarcinoma,1,27106354,27106354,Nonsense_Mutation,damaging,SNP,C,,NA,ENST00000457599.2,p.R1772*,251:0,NA,NA,,NA,NA,,36,8
SKMEL19,ACH-002005,Skin Cancer,Melanoma,skin,melanoma,1,27022941,27022941,Missense_Mutation,other non-conserving,SNP,C,,NA,ENST00000457599.2,p.P16L,40:26,NA,NA,,NA,NA,,NA,0
HHUA,ACH-002026,Endometrial/Uterine Cancer,,uterus,endometrial_adenocarcinoma,1,27105931,27105931,Frame_Shift_Del,damaging,DEL,G,,rs140055856,ENST00000457599.2,p.G1632fs,113:105,NA,NA,,NA,NA,,24,0
HHUA,ACH-002026,Endometrial/Uterine Cancer,,uterus,endometrial_adenocarcinoma,1,27106804,27106804,Frame_Shift_Del,damaging,DEL,C,,NA,ENST00000457599.2,p.P1923fs,152:174,NA,NA,,NA,NA,,16,1
HOUAI,ACH-002027,Endometrial/Uterine Cancer,Endometrial Adenocarcinoma,uterus,endometrial_adenocarcinoma,1,27057699,27057699,Silent,silent,SNP,A,,rs377016928,ENST00000457599.2,p.P469P,179:173,NA,NA,,NA,NA,2.471e-05,NA,0
HOUAI,ACH-002027,Endometrial/Uterine Cancer,Endometrial Adenocarcinoma,uterus,endometrial_adenocarcinoma,1,27099880,27099880,Silent,silent,SNP,C,,NA,ENST00000457599.2,p.N1253N,69:69,NA,NA,,NA,NA,,NA,0
HOUAI,ACH-002027,Endometrial/Uterine Cancer,Endometrial Adenocarcinoma,uterus,endometrial_adenocarcinoma,1,27105930,27105931,Frame_Shift_Ins,damaging,INS,-,,rs140055856,ENST00000457599.2,p.G1631fs,102:122,NA,NA,,NA,NA,,NA,3
CA922,ACH-002043,Head and Neck Cancer,"Carcinoma, gingival",upper_aerodigestive,upper_aerodigestive_carcinoma,1,27094373,27094373,Silent,silent,SNP,T,,rs200853803,ENST00000457599.2,p.Y1027Y,36:35,NA,NA,,NA,NA,1.647e-05,NA,0
HTMMT,ACH-002046,Endometrial/Uterine Cancer,Malignant Mixed Mullerian Tumor (MMMT),uterus,MMMT,1,27087491,27087528,Frame_Shift_Del,damaging,DEL,CTGCCTGGCATCCGAGGCCCTTCCCCGTCCCCTGTTGG,,rs146402512|rs150235028|rs555633429|rs370916036|rs113952845,ENST00000457599.2,p.LPGIRGPSPSPVG689fs,16:0,NA,NA,,NA,NA,,NA,5
P30OHK,ACH-002059,Leukemia,"Acute Lymphoblastic Leukemia (ALL), B-cell",blood,ALL,1,27088680,27088680,Silent,silent,SNP,T,,NA,ENST00000457599.2,p.S763S,59:56,NA,NA,,NA,NA,,NA,0
CHSA0108,ACH-002093,Bone Cancer,Chondrosarcoma,bone,chondrosarcoma,1,27100149,27100149,Silent,silent,SNP,C,,rs375663064,ENST00000457599.2,p.D1315D,65:1,NA,NA,,NA,NA,,NA,0
CP66MEL,ACH-002097,Skin Cancer,Melanoma,skin,melanoma,1,27087490,27087490,Silent,silent,SNP,C,,NA,ENST00000457599.2,p.H688H,20:118,NA,NA,,NA,NA,8.236e-06,NA,1
CP67MEL,ACH-002098,Skin Cancer,Melanoma,skin,melanoma,1,27087545,27087552,Frame_Shift_Del,damaging,DEL,GCTCAGTC,,rs367889013,ENST00000457599.2,p.AQS707fs,17:43,NA,NA,,NA,NA,,NA,1
ES1,ACH-002103,Bone Cancer,Ewings Sarcoma,bone,Ewing_sarcoma,1,27097757,27097757,Frame_Shift_Del,damaging,DEL,G,,NA,ENST00000457599.2,p.D1116fs,31:37,NA,NA,,NA,NA,,NA,0
ES4,ACH-002105,Bone Cancer,Ewings Sarcoma,bone,Ewing_sarcoma,1,27056342,27056343,Frame_Shift_Del,damaging,DEL,TT,,NA,ENST00000457599.2,p.Y447fs,25:32,NA,NA,,NA,NA,,NA,0
MRKNU1,ACH-002163,Breast Cancer,Carcinoma,breast,breast_carcinoma,1,27059176,27059176,Nonsense_Mutation,damaging,SNP,C,,NA,ENST00000457599.2,p.Q605*,62:5,NA,NA,,NA,NA,,NA,0
NY,ACH-002178,Bone Cancer,Osteosarcoma,bone,osteosarcoma,1,27056231,27056231,Frame_Shift_Del,damaging,DEL,A,,NA,ENST00000457599.2,p.S409fs,54:92,NA,NA,,NA,NA,,NA,0
OVCA433,ACH-002182,Ovarian Cancer,"Adenocarcinoma, serous",ovary,ovary_adenocarcinoma,1,27088686,27088686,Silent,silent,SNP,C,,NA,ENST00000457599.2,p.P765P,68:0,NA,NA,,NA,NA,,NA,0
OVMIU,ACH-002183,Ovarian Cancer,"Adenocarcinoma, high grade serous",ovary,ovary_adenocarcinoma,1,27105760,27105760,Missense_Mutation,other non-conserving,SNP,T,,NA,ENST00000457599.2,p.S1574P,34:35,NA,NA,,NA,NA,,NA,0
OVMIU,ACH-002183,Ovarian Cancer,"Adenocarcinoma, high grade serous",ovary,ovary_adenocarcinoma,1,27107098,27107106,In_Frame_Del,other non-conserving,DEL,GCGCTGCTT,,rs542602060,ENST00000457599.2,p.ALL2020del,23:45,NA,NA,,NA,NA,,NA,2
CTV1,ACH-002222,Leukemia,"Acute Lymphoblastic Leukemia (ALL), T-cell",blood,ALL,1,27023603,27023603,Missense_Mutation,other non-conserving,SNP,G,,NA,ENST00000457599.2,p.G237S,4:8,NA,NA,,NA,NA,,NA,0
CTV1,ACH-002222,Leukemia,"Acute Lymphoblastic Leukemia (ALL), T-cell",blood,ALL,1,27023609,27023609,Missense_Mutation,other non-conserving,SNP,C,,NA,ENST00000457599.2,p.P239S,5:7,NA,NA,,NA,NA,,NA,0
CTV1,ACH-002222,Leukemia,"Acute Lymphoblastic Leukemia (ALL), T-cell",blood,ALL,1,27099036,27099036,Missense_Mutation,other non-conserving,SNP,G,,NA,ENST00000457599.2,p.S1151N,45:65,NA,NA,,NA,NA,,NA,0
CTV1,ACH-002222,Leukemia,"Acute Lymphoblastic Leukemia (ALL), T-cell",blood,ALL,1,27106662,27106662,Missense_Mutation,other non-conserving,SNP,G,,NA,ENST00000457599.2,p.W1874C,63:81,NA,NA,,NA,NA,,NA,0
D263MG,ACH-002225,Brain Cancer,Glioblastoma,central_nervous_system,glioma,1,27107002,27107002,Missense_Mutation,other non-conserving,SNP,G,,rs141992367,ENST00000457599.2,p.A1988T,49:48,NA,NA,,NA,NA,1.647e-05,NA,0
D392MG,ACH-002227,Brain Cancer,Glioblastoma,central_nervous_system,glioma,1,27089659,27089659,Missense_Mutation,other non-conserving,SNP,T,,rs140568310,ENST00000324856.7,p.M872T,NA,NA,NA,,NA,NA,5.765e-05,0,1
DG75,ACH-002232,Lymphoma,"B-cell, Non-Hodgkins, Burkitts",lymphocyte,non_hodgkin_lymphoma,1,27092768,27092768,Missense_Mutation,other non-conserving,SNP,A,,NA,ENST00000457599.2,p.Y930C,52:49,NA,NA,,NA,NA,,NA,0
EB3,ACH-002236,Lymphoma,"B-cell, Non-Hodgkins, Burkitts",lymphocyte,non_hodgkin_lymphoma,1,27102067,27102067,Splice_Site,damaging,SNP,G,,NA,ENST00000457599.2,NA,17:17,NA,NA,,NA,NA,,NA,0
JHU029,ACH-002251,Head and Neck Cancer,"Squamous Cell Carcinoma, laryngeal",upper_aerodigestive,upper_aerodigestive_squamous,1,27099879,27099879,Missense_Mutation,other non-conserving,SNP,A,,NA,ENST00000457599.2,p.N1253S,30:21,NA,NA,,NA,NA,4.942e-05,NA,0
JSC1,ACH-002253,Lymphoma,"B-cell, Non-Hodgkins, Primary Effusion",lymphocyte,non_hodgkin_lymphoma,1,27097634,27097634,Nonsense_Mutation,damaging,SNP,G,,NA,ENST00000457599.2,p.E1075*,24:36,NA,NA,,NA,NA,,NA,2
LC41,ACH-002267,Leukemia,"Acute Lymphoblastic Leukemia (ALL), B-cell",blood,ALL,1,27105733,27105733,Missense_Mutation,other non-conserving,SNP,G,,NA,ENST00000457599.2,p.V1565F,48:38,NA,NA,,NA,NA,,NA,0
MHHPREB1,ACH-002272,Lymphoma,"B-cell, Non-Hodgkins",lymphocyte,non_hodgkin_lymphoma,1,27056293,27056293,Missense_Mutation,other non-conserving,SNP,A,,NA,ENST00000457599.2,p.Y430C,28:29,NA,NA,,NA,NA,,NA,0
MN60,ACH-002275,Leukemia,"Acute Lymphoblastic Leukemia (ALL), B-cell",blood,ALL,1,27099014,27099014,Frame_Shift_Del,damaging,DEL,C,,NA,ENST00000457599.2,p.P1144fs,27:35,NA,NA,,NA,NA,,NA,0
MN60,ACH-002275,Leukemia,"Acute Lymphoblastic Leukemia (ALL), B-cell",blood,ALL,1,27105553,27105553,Nonsense_Mutation,damaging,SNP,C,,NA,ENST00000457599.2,p.R1505*,118:145,NA,NA,,NA,NA,,12,5
NCIH128,ACH-002286,Lung Cancer,Small Cell Lung Cancer (SCLC),lung,SCLC,1,27092811,27092811,Frame_Shift_Del,damaging,DEL,G,,NA,ENST00000457599.2,p.Q944fs,60:67,NA,NA,,NA,NA,,NA,0
SW684,ACH-002309,Sarcoma,Fibrosarcoma,soft_tissue,fibrosarcoma,1,27057761,27057761,Missense_Mutation,other non-conserving,SNP,C,,NA,ENST00000457599.2,p.P490L,181:163,NA,NA,,NA,NA,8.236e-06,NA,0
JHU028,ACH-002337,Lung Cancer,"Non-Small Cell Lung Cancer (NSCLC), Adenocarcinoma",lung,NSCLC,1,27092962,27092962,Missense_Mutation,other non-conserving,SNP,C,,NA,ENST00000457599.2,p.P965T,12:38,NA,NA,,NA,NA,,NA,0
M980513,ACH-002338,Skin Cancer,Melanoma,skin,melanoma,1,27099944,27099944,Missense_Mutation,other non-conserving,SNP,C,,NA,ENST00000457599.2,p.P1275S,29:8,NA,NA,,NA,NA,,NA,3
NBSUSSR,ACH-002340,Neuroblastoma,,peripheral_nervous_system,neuroblastoma,1,27100174,27100174,Missense_Mutation,other non-conserving,SNP,T,,NA,ENST00000457599.2,p.Y1324H,30:87,NA,NA,,NA,NA,,NA,1
RVH421SKINFV1,ACH-002461,Skin Cancer,Melanoma,skin,melanoma,1,27059176,27059176,Nonsense_Mutation,damaging,SNP,C,,NA,ENST00000457599.2,p.Q605*,94:42,NA,NA,,NA,NA,,NA,0
WM3211,ACH-002508,Skin Cancer,"Melanoma, acral",skin,melanoma,1,27087880,27087880,Nonsense_Mutation,damaging,SNP,C,,NA,ENST00000457599.2,p.Q723*,106:61,NA,NA,,NA,NA,,NA,3
WM3211,ACH-002508,Skin Cancer,"Melanoma, acral",skin,melanoma,1,27088708,27088708,Missense_Mutation,other non-conserving,SNP,C,,NA,ENST00000457599.2,p.P773S,101:56,NA,NA,,NA,NA,,NA,0
WM4235,ACH-002509,Skin Cancer,"Melanoma, acral",skin,melanoma,1,27107001,27107001,Silent,silent,SNP,C,,NA,ENST00000457599.2,p.A1987A,56:128,NA,NA,,NA,NA,8.236e-06,NA,0
M040416,ACH-002510,Skin Cancer,"Melanoma, acral",skin,melanoma,1,27099944,27099944,Missense_Mutation,other non-conserving,SNP,C,,NA,ENST00000457599.2,p.P1275S,103:60,NA,NA,,NA,NA,,NA,3
